Id,Predicted
1,0.318178225
2,0.285501623
3,0.28577979
4,0.111092481
5,0.938919669
6,0.879369753
7,0.005267771
8,0.122049229
9,0.803155897
10,0.674847992
11,0.804241163
12,0.630986411
13,0.115833725
14,0.758758065
15,0.215233885
16,0.871812074
17,0.976682943
18,0.557587991
19,0.334340287
20,0.341100372
21,0.588697434
22,0.268557174
23,0.621444628
24,0.105588029
25,0.382158227
26,0.005426915
27,0.726251763
28,0.463607417
29,0.03554155
30,0.89247577
31,0.738674615
32,0.851640105
33,0.606387783
34,0.796619704
35,0.287748101
36,0.264214841
37,0.821564828
38,0.318223899
39,0.730607599
40,0.924807572
41,0.167098017
42,0.399932034
43,0.778788004
44,0.723396392
45,0.066270664
46,0.727748098
47,0.065972952
48,0.645773555
49,0.076253339
50,0.998536642
51,0.104433972
52,0.368624942
53,0.497827256
54,0.543236176
55,0.818351626
56,0.750868547
57,0.960662215
58,0.803949224
59,0.667556189
60,0.91538539
61,0.365743349
62,0.190312554
63,0.610661036
64,0.373958177
65,0.586943196
66,0.529185017
67,0.97529149
68,0.197253438
69,0.091567262
70,0.232796832
71,0.653933671
72,0.565887575
73,0.730475962
74,0.214895976
75,0.877900391
76,0.051325253
77,0.309461369
78,0.115180934
79,0.793743583
80,0.540168516
81,0.557610339
82,0.488494623
83,0.212846592
84,0.702093284
85,0.533507111
86,0.342190511
87,0.850512481
88,0.332646738
89,0.826127786
90,0.179799501
91,0.646359599
92,0.172713743
93,0.149626348
94,0.07602369
95,0.065636035
96,0.10020812
97,0.875486328
98,0.599526812
99,0.142942173
100,0.918960326
101,0.887242363
102,0.138784007
103,0.736378044
104,0.708102229
105,0.706012809
106,0.450722452
107,0.845794742
108,0.117638073
109,0.203494258
110,0.38746466
111,0.501481928
112,0.363813038
113,0.633311982
114,0.086341881
115,0.787549616
116,0.590420222
117,0.51871439
118,0.097985034
119,0.314507548
120,0.81891736
121,0.942717591
122,0.608890689
123,0.372085493
124,0.529784162
125,0.870911597
126,0.897233973
127,0.179925596
128,0.177510642
129,0.806330208
130,0.735668662
131,0.693642854
132,0.595125623
133,0.656539525
134,0.925206096
135,0.317379061
136,0.833868829
137,0.658269413
138,0.612057736
139,0.269178446
140,0.143642998
141,0.171980615
142,0.403467825
143,0.015567934
144,0.212309769
145,0.442508706
146,0.65314852
147,0.200064195
148,0.229093163
149,0.13796825
150,0.965131362
151,0.520243537
152,0.61784262
153,0.619581715
154,0.432079431
155,0.597912081
156,0.676752301
157,0.943154761
158,0.191510052
159,0.967692329
160,0.967552047
161,0.762034102
162,0.558722371
163,0.022060644
164,0.298654705
165,0.022154757
166,0.885284986
167,0.075565346
168,0.369715547
169,0.357529276
170,0.810975041
171,0.746909183
172,0.183371585
173,0.729000727
174,0.40771666
175,0.663173777
176,0.881935742
177,0.318431461
178,0.875076992
179,0.795809797
180,0.119480091
181,0.382315401
182,0.335178066
183,0.534002756
184,0.965799038
185,0.190803111
186,0.919695034
187,0.34803521
188,0.823611443
189,0.652727223
190,0.962139716
191,0.018051392
192,0.952978394
193,0.514574147
194,0.422295475
195,0.424844992
196,0.488134553
197,0.787967632
198,0.604223573
199,0.52088854
200,0.384848929
201,0.739950811
202,0.74844355
203,0.796967025
204,0.332090262
205,0.019660001
206,0.347139065
207,0.585369733
208,0.725391429
209,0.333418506
210,0.912825748
211,0.020626524
212,0.487965162
213,0.394732801
214,0.994234359
215,0.074999642
216,0.98983627
217,0.665177358
218,0.975051503
219,0.436770921
220,0.471477072
221,0.231782729
222,0.622410615
223,0.600248226
224,0.2397978
225,0.968684884
226,0.010461878
227,0.629750443
228,0.383011184
229,0.107134469
230,0.230616005
231,0.885506446
232,0.504173429
233,0.843484328
234,0.710610552
235,0.406261331
236,0.358214702
237,0.747698973
238,0.334237448
239,0.798608899
240,0.314419389
241,0.636262635
242,0.533933386
243,0.372016008
244,0.404741233
245,0.014105863
246,0.838826859
247,0.143942884
248,0.574014435
249,0.736178546
250,0.644563919
251,0.018759778
252,0.715817324
253,0.976474769
254,0.208958833
255,0.895524819
256,0.199433388
257,0.844691356
258,0.449234995
259,0.875370538
260,0.495314912
261,0.329973025
262,0.065343133
263,0.344595761
264,0.634446819
265,0.614976284
266,0.577931955
267,0.914355424
268,0.580924026
269,0.296736071
270,0.884911632
271,0.992726336
272,0.664371699
273,0.931972036
274,0.535779796
275,0.13586275
276,0.110339095
277,0.946396622
278,0.501289125
279,0.886304358
280,0.936241687
281,0.958173373
282,0.398008595
283,0.000279697
284,0.732018101
285,0.392100218
286,0.893502631
287,0.715596867
288,0.140893047
289,0.030750122
290,0.722473209
291,0.227650987
292,0.911304419
293,0.616543533
294,0.139435507
295,0.769602996
296,0.310158145
297,0.570960119
298,0.487533087
299,0.437403639
300,0.423914993
301,0.07629874
302,0.075398515
303,0.709729382
304,0.624995109
305,0.135533295
306,0.187533161
307,0.881462364
308,0.759831854
309,0.889111963
310,0.034512175
311,0.696073543
312,0.752937956
313,0.914536954
314,0.026363299
315,0.5978568
316,0.021442297
317,0.257700889
318,0.346645444
319,0.647048786
320,0.59656119
321,0.960124059
322,0.732050982
323,0.359675772
324,0.508698621
325,0.856245298
326,0.882264906
327,0.996469143
328,0.869786921
329,0.59626714
330,0.796588136
331,0.473499565
332,0.297273504
333,0.560853136
334,0.741869586
335,0.880428241
336,0.096479272
337,0.855795118
338,0.462607768
339,0.51162872
340,0.709052175
341,0.105721637
342,0.519146672
343,0.791256082
344,0.280376019
345,0.65861702
346,0.213013611
347,0.879193433
348,0.33539955
349,0.767517347
350,0.368473398
351,0.606843304
352,0.896455321
353,0.374972232
354,0.0963229
355,0.376748565
356,0.966367226
357,0.867005265
358,0.973804492
359,0.145378422
360,0.722047687
361,0.631397825
362,0.438409427
363,0.619633506
364,0.774373192
365,0.880557541
366,0.546500068
367,0.125156334
368,0.12241931
369,0.218237846
370,0.432535069
371,0.118467252
372,0.102658341
373,0.944865504
374,0.054842991
375,0.320754882
376,0.265478393
377,0.705427181
378,0.618742295
379,0.209421102
380,0.422878241
381,0.185661708
382,0.598572612
383,0.462269634
384,0.225907803
385,0.683995294
386,0.253903342
387,0.895310831
388,0.943809753
389,0.337389826
390,0.471538064
391,0.356157539
392,0.417218192
393,0.201138399
394,0.656641308
395,0.052174858
396,0.131778279
397,0.352329406
398,0.809502862
399,0.170909097
400,0.84215881
401,0.153247187
402,0.9780438
403,0.30942067
404,0.37715685
405,0.088131847
406,0.275192637
407,0.937706748
408,0.974814323
409,0.328367504
410,0.509065932
411,0.145729039
412,0.281270201
413,0.415405899
414,0.638747393
415,0.619764529
416,0.767713891
417,0.66114831
418,0.113848444
419,0.272043089
420,0.863548964
421,0.611862647
422,0.293464097
423,0.203377872
424,0.061496567
425,0.339431608
426,0.723521383
427,0.04338928
428,0.670690862
429,0.091526133
430,0.841657511
431,0.408733811
432,0.619981883
433,0.12811456
434,0.693181054
435,0.868120937
436,0.199178043
437,0.63508862
438,0.176539285
439,0.301639632
440,0.625776314
441,0.500540203
442,0.686617842
443,0.108368694
444,0.739967377
445,0.604245176
446,0.874294785
447,0.718880845
448,0.113888828
449,0.243694281
450,0.316985499
451,0.979451467
452,0.832230041
453,0.615892163
454,0.991220002
455,0.528451868
456,0.0263118
457,0.233756456
458,0.190833232
459,0.5586842
460,0.834904748
461,0.49316744
462,0.087899439
463,0.16303112
464,0.120248031
465,0.495511154
466,0.529567826
467,0.704283694
468,0.822584246
469,0.018560147
470,0.857281936
471,0.990618384
472,0.253106489
473,0.88262623
474,0.184662396
475,0.036278973
476,0.176885651
477,0.038639353
478,0.407711108
479,0.187594462
480,0.646041591
481,0.482314251
482,0.373155135
483,0.315753064
484,0.204058858
485,0.46753823
486,0.498340629
487,0.588265408
488,0.625947569
489,0.90140045
490,0.298547878
491,0.205099382
492,0.890906452
493,0.069249763
494,0.693487103
495,0.01634442
496,0.804868436
497,0.046696034
498,0.721914601
499,0.551506109
500,0.717683593
501,0.499274614
502,0.293539958
503,0.214951343
504,0.195599504
505,0.853284435
506,0.355636862
507,0.232465242
508,0.851159947
509,0.736907733
510,0.013938257
511,0.968670004
512,0.671345309
513,0.938802064
514,0.072950937
515,0.853887511
516,0.572495553
517,0.564313398
518,0.708378684
519,0.86124506
520,0.069778435
521,0.10376567
522,0.085813653
523,0.728693293
524,0.077412251
525,0.019116358
526,0.914740578
527,0.35229603
528,0.802657287
529,0.021659691
530,0.600216885
531,0.582536715
532,0.314803389
533,0.951751654
534,0.380675798
535,0.339106265
536,0.471833004
537,0.580163477
538,0.381050887
539,0.213124949
540,0.652236405
541,0.233777838
542,0.297904417
543,0.820649208
544,0.822024199
545,0.229826215
546,0.773084675
547,0.48299524
548,0.59536265
549,0.514369571
550,0.800102256
551,0.027421241
552,0.365156388
553,0.336271333
554,0.120590755
555,0.988332038
556,0.349640344
557,0.895987693
558,0.681862915
559,0.877922808
560,0.330016639
561,0.157274957
562,0.922907681
563,0.680894578
564,0.782292998
565,0.456568989
566,0.662314262
567,0.38359513
568,0.379315261
569,0.781966559
570,0.4579083
571,0.671976217
572,0.425567984
573,0.558672332
574,0.896723677
575,0.326662319
576,0.251568095
577,0.565842956
578,0.904907286
579,0.948264918
580,0.863821851
581,0.826690651
582,0.252282499
583,0.078141384
584,0.151626544
585,0.002378125
586,0.590091088
587,0.179681506
588,0.730545939
589,0.762656189
590,0.696136478
591,0.88648015
592,0.799242394
593,0.238880758
594,0.784882002
595,0.010439116
596,0.048822886
597,0.245941589
598,0.976753328
599,0.429989702
600,0.875081057
601,0.393939498
602,0.076547437
603,0.511022539
604,0.481742079
605,0.52252277
606,0.940108272
607,0.578701244
608,0.098395407
609,0.267564087
610,0.286390563
611,0.944720514
612,0.249424614
613,0.298516283
614,0.01800329
615,0.950120783
616,0.252086582
617,0.968902388
618,0.286243081
619,0.519121477
620,0.01569638
621,0.74132021
622,0.081150621
623,0.732718505
624,0.376193076
625,0.672805975
626,0.598251486
627,0.784464144
628,0.758854839
629,0.934888713
630,0.206360433
631,0.660828629
632,0.225070435
633,0.734726929
634,0.936933048
635,0.574053946
636,0.983768837
637,0.880470303
638,0.764530494
639,0.148553362
640,0.611159587
641,0.054552365
642,0.359367624
643,0.340731123
644,0.170723228
645,0.467517847
646,0.221046471
647,0.800413394
648,0.77773267
649,0.328697563
650,0.032763181
651,0.853591122
652,0.517782302
653,0.058408039
654,0.522173349
655,0.872940341
656,0.487225374
657,0.688723675
658,0.609655082
659,0.430443653
660,0.10492901
661,0.574254623
662,0.495966688
663,0.078489322
664,0.013662898
665,0.731917427
666,0.287636903
667,0.973381684
668,0.886108103
669,0.526097821
670,0.473972409
671,0.709053309
672,0.770316193
673,0.476054507
674,0.309875337
675,0.671617151
676,0.00628581
677,0.919007292
678,0.59026269
679,0.694319849
680,0.377140744
681,0.433182139
682,0.363514792
683,0.806826307
684,0.765830055
685,0.572219053
686,0.242883591
687,0.146357573
688,0.515319528
689,0.390225495
690,0.155048023
691,0.526858109
692,0.262864564
693,0.709016562
694,0.817895972
695,0.069257609
696,0.219555765
697,0.282323983
698,0.582085891
699,0.647503654
700,0.88578561
701,0.532986337
702,0.714404579
703,0.045935458
704,0.994064659
705,0.881822243
706,0.645391254
707,0.637565032
708,0.689279591
709,0.88542841
710,0.620367609
711,0.217132659
712,0.297108705
713,0.52677206
714,0.485449033
715,0.029933518
716,0.896900502
717,0.872014573
718,0.088455294
719,0.216677316
720,0.456904722
721,0.758277169
722,0.818262001
723,0.877708661
724,0.900786359
725,0.595731549
726,0.682548713
727,0.144354845
728,0.893994713
729,0.986806471
730,0.064405248
731,0.474053614
732,0.638174367
733,0.096699846
734,0.303621056
735,0.746980673
736,0.482984951
737,0.749521828
738,0.758910277
739,0.963816633
740,0.851839099
741,0.465493856
742,0.291412377
743,0.779939162
744,0.667909642
745,0.934585961
746,0.008451486
747,0.391506218
748,0.957908528
749,0.585558996
750,0.275367739
751,0.255449206
752,0.536849956
753,0.679919274
754,0.621806503
755,0.350456027
756,0.261411112
757,0.845684348
758,0.299468498
759,0.102528638
760,0.421264837
761,0.485271548
762,0.949571996
763,0.220246605
764,0.496066037
765,0.535130954
766,0.679838247
767,0.689538465
768,0.194625751
769,0.820351706
770,0.105721203
771,0.74401107
772,0.287384181
773,0.425524632
774,0.582659542
775,0.211616389
776,0.207385236
777,0.47920828
778,0.015433167
779,0.011497012
780,0.8143858
781,0.981731092
782,0.87523326
783,0.49793687
784,0.856506481
785,0.371584577
786,0.4105665
787,0.190527477
788,0.424126447
789,0.567263541
790,0.230327267
791,0.386844911
792,0.109838613
793,0.888870576
794,0.563328019
795,0.203184932
796,0.197308296
797,0.24477665
798,0.339568373
799,0.552286153
800,0.095161472
801,0.129384578
802,0.197675301
803,0.742253251
804,0.786389367
805,0.158977283
806,0.558852937
807,0.562906685
808,0.00671391
809,0.41742307
810,0.391473205
811,0.872903282
812,0.458944368
813,0.309627928
814,0.830623187
815,0.189053151
816,0.128844666
817,0.32754216
818,0.533763847
819,0.756004051
820,0.018049505
821,0.879467807
822,0.366021558
823,0.807407084
824,0.512488269
825,0.701652422
826,0.88391225
827,0.137185023
828,0.826560225
829,0.307930388
830,0.55483236
831,0.38928959
832,0.704730308
833,0.797990705
834,0.40750959
835,0.716479408
836,0.929393357
837,0.511915271
838,0.662438724
839,0.448764741
840,0.589136297
841,0.288965859
842,0.314345849
843,0.809476013
844,0.752471413
845,0.829240278
846,0.132860228
847,0.729101189
848,0.528301829
849,0.574256413
850,0.158443869
851,0.887875644
852,0.215344316
853,0.86624372
854,0.149883736
855,0.241037427
856,0.512080941
857,0.143559192
858,0.915591293
859,0.181907508
860,0.868259968
861,0.325538695
862,0.518519763
863,0.444019469
864,0.05590167
865,0.23843948
866,0.650046776
867,0.40199594
868,0.220747399
869,0.794680359
870,0.856684468
871,0.442522029
872,0.339835775
873,0.107344719
874,0.066713057
875,0.874430371
876,0.009133122
877,0.858063422
878,0.202609562
879,0.113965058
880,0.155933472
881,0.341972198
882,0.497727759
883,0.646182291
884,0.000508074
885,0.734101163
886,0.939883291
887,0.663589772
888,0.65210362
889,0.740664909
890,0.60729827
891,0.587364181
892,0.926642413
893,0.220978597
894,0.062917114
895,0.752262998
896,0.772970337
897,0.932286666
898,0.554107446
899,0.47357837
900,0.194102549
901,0.760959909
902,0.597251101
903,0.741135874
904,0.786244607
905,0.193818618
906,0.919644329
907,0.280098447
908,0.393827753
909,0.824963725
910,0.207262389
911,0.925728282
912,0.956282446
913,0.186169963
914,0.663520775
915,0.942071327
916,0.891154154
917,0.342036269
918,0.297820916
919,0.521709406
920,0.10617797
921,0.296733427
922,0.418354468
923,0.857060445
924,0.895073646
925,0.421691786
926,0.574704883
927,0.333134619
928,0.773620851
929,0.651316311
930,0.037082701
931,0.10111557
932,0.082580042
933,0.39573216
934,0.184994902
935,0.720179559
936,0.837519425
937,0.530790529
938,0.248204896
939,0.396151076
940,0.967174356
941,0.245466696
942,0.917497785
943,0.061231204
944,0.407314413
945,0.681727832
946,0.005206496
947,0.010242985
948,0.342285292
949,0.788528311
950,0.15860052
951,0.356630707
952,0.075042585
953,0.425228664
954,0.017251756
955,0.160860588
956,0.787296047
957,0.621192884
958,0.492017018
959,0.128939614
960,0.136506046
961,0.980090042
962,0.290530857
963,0.821505796
964,0.837393475
965,0.802100372
966,0.962225826
967,0.197048284
968,0.568858484
969,0.423542681
970,0.376983476
971,0.503251085
972,0.888372635
973,0.021934125
974,0.468852354
975,0.757946088
976,0.056212891
977,0.673076965
978,0.507822847
979,0.348194052
980,0.118336444
981,0.20853269
982,0.956212819
983,0.417766577
984,0.131831885
985,0.82234278
986,0.093700033
987,0.957242287
988,0.591505551
989,0.677183341
990,0.1007411
991,0.144374149
992,0.374037188
993,0.269921693
994,0.197856273
995,0.755590811
996,0.679341999
997,0.58585914
998,0.505933629
999,0.895294042
1000,0.113220335
1001,0.893411132
1002,0.746197516
1003,0.029030628
1004,0.292307137
1005,0.633790145
1006,0.040303881
1007,0.122878112
1008,0.980219669
1009,0.724098885
1010,0.305234384
1011,0.343567084
1012,0.369112762
1013,0.407471935
1014,0.579972572
1015,0.241834596
1016,0.147636626
1017,0.097940271
1018,0.896544044
1019,0.561642058
1020,0.317428053
1021,0.421952176
1022,0.691586485
1023,0.584671054
1024,0.779232953
1025,0.998825748
1026,0.972541854
1027,0.134746173
1028,0.367028746
1029,0.157137306
1030,0.753383531
1031,0.719422151
1032,0.468418542
1033,0.375861518
1034,0.716375236
1035,0.424156049
1036,0.284150137
1037,0.843148503
1038,0.944505556
1039,0.683162619
1040,0.775489217
1041,0.422251723
1042,0.568154111
1043,0.381835058
1044,0.174578545
1045,0.68939019
1046,0.308268411
1047,0.261731933
1048,0.743393207
1049,0.794405458
1050,0.72530422
1051,0.424965763
1052,0.753458547
1053,0.744324674
1054,0.313875575
1055,0.737255009
1056,0.691830173
1057,0.862992171
1058,0.990359615
1059,0.021004354
1060,0.934339745
1061,0.235839604
1062,0.533574118
1063,0.472439676
1064,0.765843852
1065,0.8099504
1066,0.393779494
1067,0.763856434
1068,0.39442719
1069,0.772433029
1070,0.540238181
1071,0.708528144
1072,0.997448574
1073,0.051365925
1074,0.751974311
1075,0.135403753
1076,0.000757734
1077,0.101060656
1078,0.256411551
1079,0.667491991
1080,0.329622557
1081,0.326134339
1082,0.13230415
1083,0.062929158
1084,0.764247773
1085,0.175756344
1086,0.397142939
1087,0.662585153
1088,0.114733935
1089,0.625658137
1090,0.936942346
1091,0.348518726
1092,0.361279754
1093,0.675515327
1094,0.066872309
1095,0.001272169
1096,0.858958705
1097,0.971632462
1098,0.903461113
1099,0.663838356
1100,0.139085587
1101,0.968771932
1102,0.547532595
1103,0.75651148
1104,0.895355449
1105,0.492012211
1106,0.052237501
1107,0.233975555
1108,0.75519029
1109,0.0203942
1110,0.003605233
1111,0.281011863
1112,0.407613618
1113,0.800935636
1114,0.507938656
1115,0.101343457
1116,0.228309019
1117,0.153942673
1118,0.835411542
1119,0.079606967
1120,0.830697858
1121,0.158397414
1122,0.25401422
1123,0.012916921
1124,0.53933377
1125,0.10288411
1126,0.831370267
1127,0.264778647
1128,0.29141716
1129,0.776707983
1130,0.838386947
1131,0.501655671
1132,0.821378072
1133,0.026522764
1134,0.054957052
1135,0.705480698
1136,0.252075372
1137,0.151197496
1138,0.49312766
1139,0.781572628
1140,0.061548514
1141,0.279330971
1142,0.034692868
1143,0.804057713
1144,0.08831662
1145,0.193220536
1146,0.400979626
1147,0.351375651
1148,0.098639798
1149,0.632193657
1150,0.622359437
1151,0.880492363
1152,0.538341573
1153,0.78534188
1154,0.417818751
1155,0.333339806
1156,0.176474728
1157,0.812122158
1158,0.397952599
1159,0.879777441
1160,0.765500113
1161,0.804972014
1162,0.438743207
1163,0.048525816
1164,0.965767006
1165,0.021249422
1166,0.58531883
1167,0.3352265
1168,0.665817323
1169,0.175040461
1170,0.259794543
1171,0.732051798
1172,0.675836451
1173,0.618358478
1174,0.344382966
1175,0.881056364
1176,0.24673042
1177,0.489935206
1178,0.379443643
1179,0.053020226
1180,0.498247818
1181,0.909122788
1182,0.947782956
1183,0.536674221
1184,0.712458676
1185,0.49444501
1186,0.126252254
1187,0.688697705
1188,0.849502726
1189,0.322568962
1190,0.79196658
1191,0.38614014
1192,0.87429165
1193,0.486903509
1194,0.79717407
1195,0.408879083
1196,0.89361295
1197,0.802898767
1198,0.256540302
1199,0.427454841
1200,0.414653544
1201,0.729876121
1202,0.364390948
1203,0.901821786
1204,0.860988339
1205,0.331760678
1206,0.768708864
1207,0.933457858
1208,0.278134745
1209,0.972574717
1210,0.455945858
1211,0.935444361
1212,0.832218996
1213,0.380487173
1214,0.988709856
1215,0.591890256
1216,0.346572267
1217,0.534547257
1218,0.867058703
1219,0.792814641
1220,0.117569791
1221,0.141655456
1222,0.167113216
1223,0.723395488
1224,0.220138961
1225,0.313419322
1226,0.254993871
1227,0.680015982
1228,0.375899941
1229,0.899798594
1230,0.709963403
1231,0.725335175
1232,0.324990735
1233,0.834410773
1234,0.054738002
1235,0.518333949
1236,0.592680342
1237,0.434820119
1238,0.693149459
1239,0.900806329
1240,0.926160592
1241,0.758146866
1242,0.678781136
1243,0.643128298
1244,0.186287454
1245,0.677778444
1246,0.770489762
1247,0.081448735
1248,0.800338223
1249,0.535490561
1250,0.127779635
1251,0.732778246
1252,0.417982559
1253,0.202449803
1254,0.345476944
1255,0.411000725
1256,0.289794195
1257,0.105042186
1258,0.465050345
1259,0.277415773
1260,0.57750576
1261,0.371057445
1262,0.156333657
1263,0.322111573
1264,0.158302297
1265,0.741821685
1266,0.964244597
1267,0.523490209
1268,0.831505422
1269,0.914983173
1270,0.23576661
1271,0.6492168
1272,0.718471336
1273,0.883466981
1274,0.450087031
1275,0.746652759
1276,0.089468977
1277,0.224784956
1278,0.395362794
1279,0.098898708
1280,0.753068847
1281,0.091431596
1282,0.925290522
1283,0.418417184
1284,0.75946101
1285,0.112112183
1286,0.53974592
1287,0.052465935
1288,0.578595446
1289,0.339375357
1290,0.974768308
1291,0.954201007
1292,0.369226717
1293,0.182805322
1294,0.100471983
1295,0.280786501
1296,0.414364141
1297,0.160954051
1298,0.314230368
1299,0.514334321
1300,0.936728592
1301,0.112363337
1302,0.836224483
1303,0.823738802
1304,0.263661401
1305,0.988358693
1306,0.753165427
1307,0.293309951
1308,0.186634644
1309,0.717352846
1310,0.662997464
1311,0.022133913
1312,0.884425744
1313,0.319521817
1314,0.689881546
1315,0.816128007
1316,0.161954712
1317,0.299846716
1318,0.119384295
1319,0.73125393
1320,0.532889826
1321,0.772768915
1322,0.802614618
1323,0.666592869
1324,0.148864945
1325,0.805966518
1326,0.914355924
1327,0.20591615
1328,0.020715954
1329,0.013029869
1330,0.306708073
1331,0.071227591
1332,0.89854623
1333,0.388944281
1334,0.842683124
1335,0.696607667
1336,0.703383122
1337,0.894390045
1338,0.842328816
1339,0.115034193
1340,0.591774873
1341,0.853965623
1342,0.222866211
1343,0.440265493
1344,0.568304647
1345,0.46475133
1346,0.169384659
1347,0.65637214
1348,0.02666971
1349,0.376521004
1350,0.357998209
1351,0.857237202
1352,0.734270302
1353,0.771290265
1354,0.957212994
1355,0.283440413
1356,0.322333245
1357,0.353451669
1358,0.310129748
1359,0.104879406
1360,0.183094611
1361,0.77418575
1362,0.700947829
1363,0.57578852
1364,0.192865751
1365,0.391622308
1366,0.121800589
1367,0.54435621
1368,0.034670559
1369,0.384260664
1370,0.734217934
1371,0.414028262
1372,0.899649933
1373,0.704346047
1374,0.919624418
1375,0.060503798
1376,0.691832837
1377,0.642747498
1378,0.922917593
1379,0.046234957
1380,0.731936736
1381,0.789796643
1382,0.838087158
1383,0.856310021
1384,0.017737727
1385,0.21545563
1386,0.723319622
1387,0.941809215
1388,0.540406199
1389,0.612577925
1390,0.260771431
1391,0.239431439
1392,0.318657567
1393,0.964026914
1394,0.167739677
1395,0.583952593
1396,0.360456551
1397,0.787562057
1398,0.631094187
1399,0.62663546
1400,0.473042738
1401,0.1701806
1402,0.110132781
1403,0.593070677
1404,0.757324961
1405,0.676516228
1406,0.408301462
1407,0.593553393
1408,0.284079178
1409,0.12985558
1410,0.643925786
1411,0.776026565
1412,0.197362204
1413,0.164719427
1414,0.521987413
1415,0.046482935
1416,0.6852585
1417,0.742626328
1418,0.700289823
1419,0.956912055
1420,0.707891101
1421,0.390358729
1422,0.123762813
1423,0.417298581
1424,0.741000584
1425,0.311657204
1426,0.457282095
1427,0.813185013
1428,0.605040475
1429,0.463676619
1430,0.214802528
1431,0.228991683
1432,0.01341191
1433,0.110012531
1434,0.439481397
1435,0.98036961
1436,0.54233787
1437,0.543860652
1438,0.839862322
1439,0.711193682
1440,0.076667305
1441,0.657899149
1442,0.753582949
1443,0.757638732
1444,0.087799071
1445,0.345621174
1446,0.603242797
1447,0.354932413
1448,0.364331977
1449,0.230143165
1450,0.254156095
1451,0.405246511
1452,0.634140474
1453,0.336534816
1454,0.907702799
1455,0.254110361
1456,0.410398604
1457,0.250719362
1458,0.510410098
1459,0.294382838
1460,0.740132281
1461,0.531209821
1462,0.310642416
1463,0.307487979
1464,0.28374611
1465,0.218942482
1466,0.604127182
1467,0.730937286
1468,0.733952347
1469,0.391338692
1470,0.291089128
1471,0.442525903
1472,0.718034758
1473,0.026117156
1474,0.743641729
1475,0.806392842
1476,0.542010859
1477,0.116897105
1478,0.962911052
1479,0.08291202
1480,0.509455653
1481,0.121055555
1482,0.004745673
1483,0.312054859
1484,0.484935027
1485,0.254096242
1486,0.947977013
1487,0.144684332
1488,0.076217667
1489,0.044649235
1490,0.371551351
1491,0.124007515
1492,0.329421898
1493,0.59421457
1494,0.980027487
1495,0.874629733
1496,0.624019942
1497,0.143704287
1498,0.363434651
1499,0.149132692
1500,0.574231342
1501,0.131003807
1502,0.12799352
1503,0.990096005
1504,0.606884397
1505,0.221026834
1506,0.422869226
1507,0.607354406
1508,0.870273001
1509,0.70682387
1510,0.753567136
1511,0.207185947
1512,0.669707408
1513,0.041911087
1514,0.948628417
1515,0.984795964
1516,0.081506004
1517,0.486678723
1518,0.516429464
1519,0.291219048
1520,0.668499418
1521,0.467763112
1522,0.697744599
1523,0.704775535
1524,0.417563066
1525,0.240051667
1526,0.479938895
1527,0.640083684
1528,0.955997716
1529,0.726552885
1530,0.069082078
1531,0.526624524
1532,0.239755006
1533,0.596629722
1534,0.765105278
1535,0.241762201
1536,0.770526712
1537,0.96486474
1538,0.371624345
1539,0.594213529
1540,0.627527875
1541,0.358208261
1542,0.085840647
1543,0.854067833
1544,0.034482905
1545,0.451703092
1546,0.534962474
1547,0.348558581
1548,0.530928846
1549,0.745991
1550,0.294751328
1551,0.470203317
1552,0.344865588
1553,0.963484527
1554,0.539641726
1555,0.331202417
1556,0.983842729
1557,0.533434463
1558,0.187777769
1559,0.382067815
1560,0.763620786
1561,0.464515813
1562,0.882403352
1563,0.496757739
1564,0.775542146
1565,0.039885905
1566,0.089353027
1567,0.014461296
1568,0.40579884
1569,0.225082482
1570,0.324701289
1571,0.609429577
1572,0.43579927
1573,0.589181428
1574,0.586702901
1575,0.39675394
1576,0.115865092
1577,0.722347778
1578,0.773451859
1579,0.777536575
1580,0.975862483
1581,0.615431119
1582,0.621714679
1583,0.500655935
1584,0.238002321
1585,0.813338955
1586,0.990573483
1587,0.395878581
1588,0.499277636
1589,0.811071174
1590,0.352995759
1591,0.127420657
1592,0.881547291
1593,0.806369484
1594,0.806322473
1595,0.475946669
1596,0.052869496
1597,0.733308429
1598,0.202814393
1599,0.295132582
1600,0.603703076
1601,0.751035023
1602,0.601632405
1603,0.17398145
1604,0.840149292
1605,0.507022077
1606,0.999090497
1607,0.295510096
1608,0.897631417
1609,0.942154013
1610,0.895345258
1611,0.294249523
1612,0.394434466
1613,0.416843294
1614,0.690416858
1615,0.427981224
1616,0.642488328
1617,0.911808691
1618,0.757589239
1619,0.346186222
1620,0.525623494
1621,0.641052882
1622,0.897206893
1623,0.768724572
1624,0.114568207
1625,0.500656414
1626,0.238729447
1627,0.88012019
1628,0.800337255
1629,0.766678685
1630,0.390867518
1631,0.682511758
1632,0.583740931
1633,0.533061497
1634,0.159403295
1635,0.221523269
1636,0.740884914
1637,0.22254107
1638,0.466405573
1639,0.080417264
1640,0.156942023
1641,0.630520181
1642,0.009379046
1643,0.160578458
1644,0.729947696
1645,0.835692388
1646,0.452667239
1647,0.881553676
1648,0.370229254
1649,0.379215637
1650,0.634879054
1651,0.732290525
1652,0.8893732
1653,0.81204544
1654,0.756599406
1655,0.417813664
1656,0.606408141
1657,0.772527753
1658,0.259827114
1659,0.689614331
1660,0.75851939
1661,0.947221031
1662,0.874035029
1663,0.282457644
1664,0.206557076
1665,0.304520091
1666,0.098918021
1667,0.736613806
1668,0.12918219
1669,0.713701217
1670,0.549943001
1671,0.841797981
1672,0.335527859
1673,0.708809036
1674,0.026311911
1675,0.441091499
1676,0.310594646
1677,0.014751617
1678,0.377112803
1679,0.716780489
1680,0.984211231
1681,0.500432242
1682,0.064374997
1683,0.623844234
1684,0.94187446
1685,0.617687595
1686,0.975889135
1687,0.011014294
1688,0.08294417
1689,0.187728898
1690,0.828316942
1691,0.248834093
1692,0.477445297
1693,0.749511954
1694,0.912416752
1695,0.158596706
1696,0.769368907
1697,0.367873168
1698,0.439274336
1699,0.423708086
1700,0.973729079
1701,0.351859485
1702,0.002255738
1703,0.039707646
1704,0.092955703
1705,0.400601959
1706,0.189883504
1707,0.110498866
1708,0.448376065
1709,0.069380108
1710,0.250694017
1711,0.066170148
1712,0.243823043
1713,0.392961543
1714,0.618587818
1715,0.62831009
1716,0.119708167
1717,0.166668923
1718,0.349138449
1719,0.73556601
1720,0.328475334
1721,0.530398067
1722,0.309488748
1723,0.435221081
1724,0.161010376
1725,0.678827866
1726,0.112491659
1727,0.330828635
1728,0.35583829
1729,0.556947091
1730,0.647475164
1731,0.643894482
1732,0.783684409
1733,0.465778741
1734,0.749949512
1735,0.346120427
1736,0.544994895
1737,0.288398113
1738,0.546634641
1739,0.060954301
1740,0.489940152
1741,0.395700727
1742,0.204990144
1743,0.864089239
1744,0.226970668
1745,0.669140673
1746,0.445703531
1747,0.097558272
1748,0.208658825
1749,0.522210099
1750,0.964134503
1751,0.366191341
1752,0.085754828
1753,0.784740925
1754,0.795136756
1755,0.718623175
1756,0.864823545
1757,0.257187466
1758,0.1793653
1759,0.392813841
1760,0.496654072
1761,0.109889643
1762,0.911211555
1763,0.427237319
1764,0.92496269
1765,0.156805143
1766,0.118357218
1767,0.264836196
1768,0.592382377
1769,0.441634286
1770,0.207874637
1771,0.420997749
1772,0.356284875
1773,0.180820879
1774,0.739600647
1775,0.597303772
1776,0.259688073
1777,0.355840642
1778,0.265259522
1779,0.184875232
1780,0.649421976
1781,0.023198731
1782,0.397074034
1783,0.486360079
1784,0.241426457
1785,0.67773839
1786,0.140721915
1787,0.086088069
1788,0.503590821
1789,0.463851315
1790,0.065914078
1791,0.315997532
1792,0.180369217
1793,0.463631622
1794,0.547891566
1795,0.00982422
1796,0.727741681
1797,0.777515364
1798,0.277173784
1799,0.205942909
1800,0.016415956
1801,0.326266671
1802,0.879399142
1803,0.883558036
1804,0.419739271
1805,0.615351333
1806,0.332953932
1807,0.555893997
1808,0.343585638
1809,0.148908597
1810,0.761426736
1811,0.727414833
1812,0.84486962
1813,0.200173652
1814,0.127971167
1815,0.485250522
1816,0.623456935
1817,0.315078729
1818,0.532887926
1819,0.703389777
1820,0.411346139
1821,0.532564783
1822,0.576640932
1823,0.149833433
1824,0.787026597
1825,0.72139686
1826,0.648605505
1827,0.239821757
1828,0.275430989
1829,0.537297696
1830,0.826677333
1831,0.591732878
1832,0.793937061
1833,0.639886343
1834,0.417090881
1835,0.604651922
1836,0.623386426
1837,0.884671317
1838,0.574537597
1839,0.266154674
1840,0.098213376
1841,0.773731725
1842,0.236785896
1843,0.792760351
1844,0.872996252
1845,0.541704144
1846,0.508868562
1847,0.42183575
1848,0.203033714
1849,0.927333481
1850,0.129991474
1851,0.829281684
1852,0.648091869
1853,0.683791549
1854,0.99215704
1855,0.654217506
1856,0.918735666
1857,0.877375287
1858,0.177057095
1859,0.997948113
1860,0.992184333
1861,0.840703743
1862,0.771446679
1863,0.149341633
1864,0.472999559
1865,0.694225251
1866,0.599948218
1867,0.371194802
1868,0.32409573
1869,0.301488425
1870,0.527275629
1871,0.03657673
1872,0.06913084
1873,0.207868137
1874,0.225148013
1875,0.224125231
1876,0.29418705
1877,0.800770787
1878,0.671434063
1879,0.237565954
1880,0.319010141
1881,0.383914716
1882,0.710095417
1883,0.559986086
1884,0.503634586
1885,0.16136937
1886,0.968168935
1887,0.523333743
1888,0.766200391
1889,0.288844272
1890,0.633242132
1891,0.506279045
1892,0.43029556
1893,0.280338941
1894,0.030283353
1895,0.757073506
1896,0.157300173
1897,0.8844676
1898,0.30117641
1899,0.758205767
1900,0.995196263
1901,0.521460421
1902,0.12074393
1903,0.055029743
1904,0.852845716
1905,0.904096037
1906,0.269446721
1907,0.690222369
1908,0.648042345
1909,0.295587797
1910,0.45679984
1911,0.446176603
1912,0.309522013
1913,0.346668166
1914,0.839578088
1915,0.020376438
1916,0.771214269
1917,0.046001643
1918,0.889932696
1919,0.338135349
1920,0.117485288
1921,0.649205559
1922,0.96571205
1923,0.23388166
1924,0.639404233
1925,0.160333946
1926,0.49912753
1927,0.206361199
1928,0.240687139
1929,0.280026671
1930,0.825535487
1931,0.232973526
1932,0.357258103
1933,0.775979882
1934,0.052440198
1935,0.143999498
1936,0.548497845
1937,0.619299596
1938,0.825297499
1939,0.578250112
1940,0.496608955
1941,0.229654394
1942,0.913354755
1943,0.184151347
1944,0.2134603
1945,0.553497588
1946,0.667797797
1947,0.182744851
1948,0.505533098
1949,0.209397348
1950,0.789236741
1951,0.584410464
1952,0.89588278
1953,0.20458824
1954,0.766263946
1955,0.353956947
1956,0.189574505
1957,0.35767885
1958,0.970376531
1959,0.956952359
1960,0.776666165
1961,0.868920702
1962,0.12756562
1963,0.381026393
1964,0.744470087
1965,0.81082877
1966,0.043231102
1967,0.88681888
1968,0.40391453
1969,0.155438264
1970,0.579361868
1971,0.563678534
1972,0.95415354
1973,0.445940671
1974,0.858818157
1975,0.214206443
1976,0.882440672
1977,0.666472993
1978,0.617503113
1979,0.275753075
1980,0.226417631
1981,0.60760476
1982,0.795615168
1983,0.359289569
1984,0.411038151
1985,0.513925157
1986,0.498775874
1987,0.504457903
1988,0.517094337
1989,0.095178621
1990,0.540662377
1991,0.637421666
1992,0.29058625
1993,0.139420964
1994,0.434316006
1995,0.920606665
1996,0.264315458
1997,0.123153812
1998,0.866704082
1999,0.202310918
2000,0.50678811
