Source	Sink	Source_Followings	Source_Followers	Sink_Followers
1933514	39865	12	10	1
2681811	2314964	6285	284	1
2518926	1369032	305	9	43
1153598	623443	125	5	2
2707453	91949	184	18	1
4124848	1198240	1280	183	4
1398781	34147	365	1	1
3573737	4807957	208	4	1
2320372	3150674	13	7	1
4359281	2547725	57	11	1
3136835	3905817	524	77	4
3515090	1388577	951	18	1
3403968	4183650	82	80	7
3872274	3793583	449	21	4
3492414	1987519	260	67	1
1243314	3589140	89	3	1
408043	23561	2899	77	1
728327	2432448	12	18	1
3799692	2709863	12	4	3
1936484	432325	20	165	1
575745	1354680	99	25	1
1442782	2800280	3	15	5
4098003	1589562	90	21	1
1367618	1992947	2	2	1
2849622	3903226	2673	117	8
3065587	1283782	302	19	1
2682783	195948	160	22	1
2507470	3204755	1	2	3
53266	4262421	35	55	2
3177515	447471	84	18	3
3896595	42675	2165	165	3
1950551	1175189	77	8	2
184346	3239164	537	119	1
486069	221643	39	8	1
33342	3476200	35	189	2
3396499	2280295	372	125	1
2050190	3204322	9156	153	1
764877	560119	746	83	13
2554007	2884977	36	31	26
3672836	3406039	31	9	2
406590	4126263	13	4	1
1810293	4749647	76	5	1
4050480	2727985	4312	422	1
4361468	2864212	11	5	2
2690100	2291403	72	11	1
1127093	3546319	6014	554	4
4248238	4043871	42	4	1
4061933	340185	1562	182	1
4110535	1587635	7311	395	1
801222	2002587	145	146	1
68176	934853	15	2	1
1476682	1680873	432	37	1
883836	4317206	1380	421	1
1766470	4260696	311	7	1
2798985	4151954	330	30	2
400253	4340371	33	8	1
1953883	3217607	125	6	7
2354155	612300	69	7	1
1979523	1875881	2	87	1
1001201	466555	80	7	2
4008397	312866	229	23	15
4054569	207408	5	4	1
1460879	2387396	6	4	2
2250533	4617779	118	12	1
4203775	4618582	404	84	4
3451435	1695452	89	49	2
1071094	3770252	203	31	1
1844632	39789	125	31	1
3198896	3439923	1397	157	1
4307730	2628738	108	25	3
3375975	1666286	160	19	2
1065567	2436275	116	39	2
168823	4238327	152	533	1
1899691	385661	116	46	2
4858812	3151882	81	36	1
3779605	2427609	142	18	2
3839688	1362670	1361	234	1
4202634	2627585	737	12	1
1302093	530568	1219	48	1
1629116	4802147	157	68	6
3066685	3882279	1	4	3
2667863	4245257	15	38	2
2604284	4760021	510	90	3
2321696	1248602	138	23	16
61483	3096799	167	46	1
346443	2375450	241	24	2
4273486	465892	0	2	2
1885306	4126646	90	25	1
1026384	4582055	185	14	1
4575649	547754	2915	470	1
863215	2473046	1158	199	1
2913481	4250359	1012	58	1
3454968	2139710	101	23	1
841503	470485	142	29	125
132679	3737053	15	1	1
4773965	2410897	357	22	1
3577145	438230	520	43	1
3127986	130518	32	19	1
2885874	2676950	968	66	7
3734728	3499239	789	85	1
1853369	3164194	76	7	2
3380947	1042209	367	526	1
2484593	1863535	50	29	2
1136002	4783980	110	62	3
990434	3980155	60	13	1
400423	463493	32	2	1
372245	1827172	37	10	2
2145105	1396955	359	104	3
1863337	3877787	168	43	1
1013848	2012684	470	71	1
321701	2774917	541	100	1
3831027	4405408	251	116	39
3656894	1117865	46	9	1
3969240	1793568	53	1	1
1806282	2052478	0	2	3
3436133	1350073	4	2	53
4782074	2591445	238	920	1
174469	1698711	75	3	2
3940873	160289	1162	50	1
2711750	2754737	178	13	1
1037213	3574979	34	36	1
4651415	2433373	21	4	1
3184760	970649	339	92	1
2297625	1009163	6498	512	15
511482	4660455	468	49	4
2632027	2592639	84	48	2
1023699	2354130	616	70	3
238046	2084628	590	52	4
132587	232162	129	9	1
4507417	3821955	97	35	1
1253167	2287230	157	9	1
2889711	4446025	226	25	1
1145201	1034402	207	55	1
1414589	1811718	213	20	15
3625953	2382781	14	5	1
3503357	3671988	211	3	1
3982632	3125897	4	2	2
277804	1672150	170	202	2
4234577	777241	131	58	11
3650157	548048	1038	32	1
1696130	1069667	83	17	1
2969730	2545642	2509	270	4
1630365	2501780	143	22	1
2073472	3045380	586	90	1
2915097	3306091	89	14	1
1006975	212824	113	14	1
4416945	1643052	33229	417	19
4021033	4436872	152	41	2
3830193	1985948	30	6	2
3768366	4267169	12403	334	1
4730895	2623997	1911	125	1
3198896	1525341	1397	157	1
1074359	613283	271	15	1
3208639	270670	311	40	1
376755	1067697	78	8	1
4201339	1305650	671	42	1
1823121	2505536	46	39	1
2831654	3084164	493	43	1
4380766	3938281	1165	114	2
1308667	3869676	253	40	1
2330241	1399667	116	41	1
1373960	1584963	182	34	2
40000	1375196	1225	93	1
123958	827897	47	14	2
4709814	2009737	1111	180	4
2610150	2248863	82	7	16
4371057	2851558	59	25	1
2856036	4633337	0	15	1
3176871	265240	24	24	11
3973849	179159	159	10	2
1180599	4459651	519	179	1
2240779	4808717	178	42	1
3937193	2085033	2524	270	5
4182770	4422155	68	140	1
1810508	1658099	845	109	2
4125891	1139320	1	3	1
577850	2101799	126	21	1
2245265	2667659	109	13	2
3805651	476491	15	27	1
3420449	4755077	22	263	1
2969895	2479591	734	103	1
2042635	1868129	283	101	1
2246808	4290254	57	17	13
569828	3310712	92	1	1
4465082	1309518	144	52	4
2303294	1846456	1515	185	1
2571572	3722466	10	12	5
4383389	3880475	64	49	1
4108836	2987394	4235	97	2
4022635	4745030	92	30	1
3767985	3048099	609	39	11
432490	4390277	156	28	3
1218579	4795220	1019	434	1
2943564	3227288	123	29	1
2156404	352461	136	33	1
1646004	1561659	487	621	12
2741500	3509297	153	11	1
258220	1912531	242	94	1
4208297	1454979	136	34	1
4278437	382810	6	4	3
1788378	2542230	4	17	1
1302311	3230608	0	25	1
2980119	3384225	2068	154	1
3590105	2125242	460	17	5
3810575	2008134	43	16	1
240632	2227727	530	52	95
1310598	3538442	1375	111	3
592541	2507109	6913	132	1
1229247	1730475	14	9	1
550387	2012558	2453	185	11
2059990	3644961	342	69	2
1930625	514949	32	4	1
77683	4456754	1235	80	159
2682171	4481665	250	15	1
3256668	3729246	540	85	1
1472943	3736025	13	14	1
3294702	605331	68892	991	7
2139873	3588444	882	199	3
2711285	3342067	142	71	2
725571	1642776	79	221	1
652259	3740887	964	59	1
4851119	2565452	64	7	2
2495744	1424878	122	22	1
3160600	4457689	93	31	1
1707382	901241	231	20	2
2319260	2853164	0	3	1
3868073	4603451	34	65	1
4651400	2141607	66	562	1
1646958	128130	250	294	1
1809767	3254128	86	8	1
2506164	3863801	135	33	72
3736991	1954197	2	9	2
4463116	3754203	11	5	1
4365751	2897891	549	133	1
760577	1052260	223	17	1
4312499	4387416	272	43	2
1181654	4402970	113	5	1
3185506	2040343	0	9	1
2199406	4664541	209	25	1
3773737	441343	2435	108	2
2763282	411590	10936	321	3
2312677	1311231	8	1	1
3670886	3719545	1350	116	1
1436216	2676065	68772	1068	4
4745606	1832200	196	35	2
2821864	2064479	87	3	2
3124172	2892808	0	59	2
716140	4768746	39	16	5
1539235	147903	677	167	1
1339861	3758836	1212	200	1
2367994	1525016	8	24	1
3280423	4575559	5	2	1
1534227	1586142	121	13	59
238046	4435400	590	52	1
92912	1335790	1	1	1
3315192	4269853	289	83	1
3544054	276769	82	43	1
2757368	4321580	192	7	1
2211789	677354	0	3	3
3132680	4585968	91	84	1
4055788	714538	1	2	8
2039260	1243746	197	95	8
1506979	1259001	406	55	1
1034814	3447	3359	117	114
1914964	2267228	200	33	3
3853341	108704	768	210	2
2831654	4839875	493	43	1
1385713	4263677	137	45	1
677002	584575	2123	115	10
225865	1416386	23	3	1
3769650	3650852	506	67	1
4381553	1320509	1364	218	101
1014791	1471550	12	7	1
3931368	3147384	283	39	1
2348120	2592168	126	14	2
4296372	282265	686	33	1
4836856	2990825	7	9	6
317253	3148062	97	27	2
4473438	2576129	196	37	1
1233143	1197876	71	5	4
1701884	2216678	254	13	1
1147385	1449516	7	6	1
2069215	4449921	296	60	2
1703823	529926	79	2	16
877557	2900253	104	36	1
4411704	2118313	389	69	3
2198338	1978605	826	72	75
3476834	2230646	353	29	12
2037673	2666716	14	1	2
4836847	2109551	11	11	1
3171695	278919	34	3	8
1583869	3330411	51	3	4
1859221	237011	1085	97	3
4818087	2523940	118	44	10
887005	1816438	124	40	13
2901712	220857	7	1	2
4851119	2448597	64	7	3
668325	283586	4655	484	3
20836	2340514	446	38	1
2228121	2870105	42	6	2
397932	2102447	7	4	1
927008	2063413	64	6	1
1809371	3534930	100	47	1
2154017	664456	116	10	2
65198	3873892	78	17	1
2043564	714325	1491	48	1
1698389	2830220	77	32	4
3967543	38882	106	13	37
119026	951707	745	221	1
1832774	3764208	1647	11	1
4017946	2418010	55	24	1
1271253	185297	129	7	6
863719	4573516	142	135	1
3179838	1533592	201	56	1
3888592	4175538	484	44	1
541565	2585008	249	69	1
4313572	590310	16971	930	1
3894892	1898959	172	23	1
3457275	784089	134	77	29
3468158	3040925	190	11	1
4335027	384069	11	3	1
1749840	79442	200	44	4
3249763	2620888	1891	164	1
229688	3791874	104	14	1
200606	167383	255	14	1
1260934	2797432	46	14	1
3698287	4161430	242	22	2
3175401	2954555	31	93	1
3803891	3964555	306	39	1
562796	3318063	13	15	1
3539650	3981534	2264	194	2
3705289	370630	155	2	6
2647478	3231791	628	23	88
2101844	463856	1081	279	1
2752443	1441747	1	10	1
3596594	4450133	59	210	1
2411736	97736	38	8	2
4565961	507386	315	102	3
591479	4138566	429	69	1
2707078	2095588	71	17	2
2303337	4787405	31	5	1
3863474	1251815	2592	437	1
2164029	3200079	27	5	2
4026913	1626431	416	118	2
437824	2231807	122	11	1
1221711	233826	67	3	16
1487501	1922107	473	55	1
2249058	3762936	131	67	2
2313701	2615120	205	21	58
3632120	3588947	1983	118	5
513426	1960793	713	57	1
4159119	4379846	167	173	2
547939	1968758	95	12	1
2358233	2012664	665	46	2
2158267	1437139	692	62	12
3018364	310515	78	7	1
3813019	4279958	11	12	1
136138	3695475	0	2	2
1145247	705759	97	8	2
859039	1138485	665	70	1
4631782	2697466	484	24	1
3468124	3046933	1	3	1
310278	2454630	558	37	1
2594658	242575	0	31	2
1494880	344622	33	108	10
2216865	3809750	98	15	1
4064173	266714	1	131	2
83204	2499991	0	1	1
2558953	1737787	7	4	1
4366854	4428513	737	186	1
675623	4446726	760	50	1
2824221	3684049	219	39	1
2379809	1390202	44	50	13
4618658	3173600	30	5	1
216538	19714	25	5	1
2798865	732444	2109	25	1
4330068	3856201	35	66	3
139641	4303356	483	43	1
4019502	35633	83	6	1
1145179	1375158	133	50	3
2222147	567435	145	26	1
3442466	849605	54	8	3
4052991	2846255	472	44	2
3021228	2275017	61	18	2
2400396	3369139	266	69	1
370041	1164171	2962	254	51
3064418	545324	8	7	4
1924971	1087843	60	10	1
3188985	4073826	50	6	2
451293	1497503	52	91	3
3625784	4008640	381	130	1
877654	4392192	1348	1838	1
3099578	719257	231	53	1
1113613	3422942	3597	94	2
3805025	2546620	45	109	2
2850118	1659799	45	17	1
2575301	2116270	2806	69	1
4356156	3626274	52	8	1
1858484	4858095	355	50	1
676096	1403871	34	75	1
1502972	413238	410	75	1
4761378	1951899	1284	139	1
2598997	3457110	625	41	1
3361771	728229	770	113	1
4819999	3090631	101	35	1
2590374	707002	90	30	1
1741674	413490	7	7	2
4632897	4557264	395	56	2
2537558	2653934	13	4	1
3915545	996524	213	4	1
140855	2947823	0	2	1
41224	3305756	1786	106	3
365872	2903312	216	14	1
582305	555375	64	25	14
1528204	1969158	238	75	1
167943	3056443	28	19	1
1689957	2656407	15	64	1
2886881	2204221	634	168	2
4081891	4227702	228	44	1
1670848	2364702	17	160	1
801000	2520446	615	74	2
916936	299970	458	57	1
2788654	2359264	674	66	7
89251	1297699	319	16	7
3356345	3387263	68	34	2
1292768	702106	175	49	2
1003634	4593295	42	67	1
815493	4094355	444	152	3
2632655	4017879	186	23	1
4695730	620743	11	43	1
1242778	4430006	2297	163	1
1897168	2712151	1905	85	1
1319809	859064	64	485	61
2064927	3161692	144	51	1
1500564	3870773	143	19	1
451191	4600606	1659	132	1
2646792	1211080	2420	86	1
3063478	783498	209	35	9
1424790	2404848	220	83	1
2023950	3637461	333	144	10
1142756	2731593	0	2	4
2601512	3454329	68	19	1
1721946	1504738	158	45	2
580003	3177582	510	24	1
3551313	4342078	470	452	1
958584	1544072	41	6	1
3140992	3763482	321	28	1
184434	1014716	71	4	1
4069373	3294091	3470	97	1
3315905	2333891	471	52	1
4081509	4691884	86	54	1
1193209	1195171	309	20	1
3914634	1042423	19	3	1
418685	2864286	179	33	4
3840131	3047017	217	26	2
712729	771465	195	28	1
2702132	1124603	94	72	1
4642141	2931280	118	11	1
1082267	2357615	33	1	2
4146244	302071	80	1	1
26387	1825375	1	3	1
1411338	742539	673	76	1
2572914	4143736	31	134	1
3378606	2513549	220	68	31
1501307	4072467	45	37	2
3330823	1323633	540	153	1
818544	2842334	1261	112	2
1441530	4596466	313	36	2
3916726	4525777	3	11	1
1196403	2006757	2062	363	1
3003373	1366387	60	20	1
813258	1819715	341	17	1
4035711	4702033	43	4	2
3042764	4288262	3	15	1
206363	2904472	28	10	2
744477	3122428	78	19	2
2151267	2537814	1758	130	1
4118856	3205093	2	4	1
2458987	856768	42	18	1
1325882	581051	870	777	2
1931179	3126354	73	6	2
4744670	3746047	72	8	2
1132845	1988844	78	17	1
735443	1723057	108	183	1
1877044	3377122	1566	83	1
550866	3091692	1089	79	1
1843056	804821	295	37	1
3280484	115398	2345	424	1
573226	1095354	4431	59	1
725773	4369525	31	12	3
3888592	4041443	484	44	1
4429375	1697044	168	41	1
3055160	3901735	91	250	1
1719625	4316997	73	49	1
1641404	3346434	866	119	1
2275571	1913863	36	10	6
3821563	1102869	24	8	1
362256	4401532	288	47	1
2477910	3867144	18	5	1
3689961	2014829	779	199	1
4104158	3947323	1909	128	1
2969730	3297502	2509	270	2
4808430	3033458	0	11	6
1873970	682634	197	39	2
1535824	425442	20	15	2
3315089	3260687	130	8	1
1500669	3713206	179	11	12
3426792	1784441	536	161	1
1654074	2373114	318	151	2
1863926	3507353	46	17	1
4651264	1975224	332	34	1
627853	1427849	270	155	1
1995216	4737618	1	6	3
2798422	4759553	50	10	1
951828	2990358	49	7	3
2141490	430373	246	9	1
1785754	4226251	0	2	1
1423674	3476521	363	55	41
4799660	4665917	455	33	1
297129	2635856	1	32	1
1001091	2431196	126	34	1
2289809	4113348	351	55	1
3862644	1817026	144	23	23
4797727	2117199	37	14	2
3505283	3242780	13	573	1
92806	811245	0	39	72
4816186	1076224	509	136	2
4367053	4002688	0	39	1
1212646	2078563	224	61	3
1721635	4096348	16	2	3
3431626	4362622	207	13	1
4089598	3527430	33	24	2
505790	2732797	174	8	4
796464	20984	487	38	7
64248	3533467	252	11	1
2757277	2591592	222	107	2
880288	2042318	5	4	1
163322	2199823	18	35	1
3603717	4674648	39	42	1
424474	80177	137	10	2
30224	4663508	4175	120	10
3277922	493367	51	6	1
4378784	2793126	300	82	1
2912452	2209672	17	70	3
4447214	4341237	207	15	1
1299788	1261500	132	48	1
219367	371946	394	26	2
2484926	2855307	97	163	1
534210	2656692	65	136	1
2066094	1719235	196	64	2
4653522	245570	867	143	2
295156	2264098	188	33	6
4386120	414117	18	15	3
3362378	168011	132	45	2
2012584	2648414	97	7	1
2214642	1622921	38	3	1
3509214	38142	14140	263	1
426136	4788295	187	21	4
675602	768837	6	6	43
2107338	2991805	500	58	1
2163657	2247382	236	12	1
4845000	3466921	60	14	1
749588	4624418	57	3	1
763435	4353131	673	100	1
4680723	1979131	961	69	1
1959817	14740	156	33	19
1079257	1454574	193	141	3
2331293	838519	49	6	1
1115724	286097	26	1	1
782368	854476	1146	586	1
1593772	2821917	83	30	1
4491434	2780024	32	9	7
4852363	3869493	67	56	1
3292319	1193427	140	37	1
3062217	4136955	114	15	1
1348319	927062	16	13	1
3692657	3526108	2350	33	1
1747884	1183311	71	263	1
19073	3895769	67	90	1
2597311	2938177	89	5	5
1955545	1377614	42	10	1
1509682	3755746	653	284	43
3673348	2368912	562	26	2
2957859	1502101	4518	190	1
2545298	2711992	1211	112	1
1927143	3121818	61	12	2
2115313	3901605	343	26	1
2744829	4274694	128	12	3
3744970	750536	34	5	1
4802026	2405939	2	1	1
4509843	2146044	3138	132	1
3349730	3289683	42	2	1
3854832	2737435	219	23	1
2335227	1026342	38	12	1
168143	2615973	80	14	2
3582194	1661084	476	99	1
745911	1705671	357	38	1
2467491	2571628	164	55	1
2757495	1821158	234	6	11
401290	446799	0	2	1
2672396	1496506	187	5	1
1542723	3819907	181	66	1
673950	3849261	1252	209	2
4401332	4750834	153	82	1
3316620	2216129	5083	214	1
2165983	712442	90	6	1
2657370	1644126	98	14	1
2087694	4239590	153	4	1
4371411	183944	648	189	2
524924	557838	910	45	32
719144	2379637	99	32	4
5905	3822179	225	279	2
1179673	610737	542	187	6
1326906	4316228	13	129	2
3715857	3263785	166	32	1
3483238	2133523	299	170	1
4330238	383656	46	122	17
547939	2464732	95	12	1
2444382	966458	27	2	2
1887823	704528	957	63	4
2503649	4615169	113	10	1
2060819	1879344	110	68	2
2700296	3240686	141	75	19
1643293	3646715	9	2	1
4356413	1716154	49	2	37
4495668	182779	10	4	1
3705289	686188	155	2	1
193736	3853908	767	274	1
2300104	4390396	1453	65	2
3243032	3601164	699	102	2
2659408	546075	96	16	1
1501265	4806188	1536	54	1
1272598	3266457	113	28	1
185896	426625	117	622	1
230897	3452238	5	2	1
3949475	3923186	89	18	2
805251	1222895	417	34	3
2319260	1295987	0	3	2
484849	3335241	443	48	1
4432886	4247853	166	10	1
360546	1168500	563	47	3
1362897	1490810	2	9	20
3810382	1597285	338	19	1
4373497	1828421	238	10	38
3502422	1264796	21	2	1
3753233	2032593	1	434	1
4577543	2152809	200	86	2
2316485	1038697	61	4	1
3582815	1200737	157	90	1
2479916	901987	150	1	1
662454	1463075	590	44	3
4084121	2766054	2582	113	1
2153211	1574694	4	1	1
2141034	3319980	1	1	2
4318313	2633058	14	22	13
3018264	3010710	689	77	1
3072769	2469804	3430	187	14
57574	4791845	4617	289	1
3125855	3568360	20	40	2
945160	847035	57	153	1
3323519	3863507	4787	133	1
4503106	2324530	509	19	1
3223819	4415318	439	18	2
22275	3705672	180	34	1
3031503	3436908	284	180	1
1039525	383334	3453	337	1
544230	3556286	60771	1532	64
3897310	3228437	495	23	2
1294042	4142025	71	56	5
3467202	3723722	99	7	1
1978179	4706004	998	50	1
4337884	3031454	298	419	1
941936	999338	623	63	1
2804506	4041624	1303	6	1
4725972	234710	193	28	3
1978397	2227680	248	41	1
2568660	153736	85	6	3
1249746	3218945	500	134	1
4723385	2977283	128	43	1
1902802	1450850	46	32	15
3711670	1435272	1123	155	7
712644	3152471	117	205	2
2121501	582356	26	26	1
3140722	4542019	157	24	1
3396048	1795275	156	17	1
3183694	752454	378	37	1
1301505	727327	14	4	41
1304741	1525318	2	1	1
2885413	2550978	181	49	2
3065345	4123740	89	13	15
703541	459029	138	58	1
2887780	4780968	79	6	1
3783758	617897	38	3	1
4652882	2575311	693	44	5
360598	1075372	1946	68	1
4112632	610088	452	138	1
369071	4797312	34	17	1
3408034	3085118	57	5	1
1737349	4229251	87	17	2
2758918	2609529	222	35	4
3962542	3519255	123	23	4
3133206	3437835	14	3	2
4836385	4807498	46	37	3
2976479	991599	106	24	1
2464401	1353048	23683	577	2
893343	3477409	151	112	2
3487063	4201981	261	24	1
2047860	2283127	143	131	1
367144	2608041	538	49	1
682715	4595133	460	154	8
4361468	543387	11	5	1
2642477	2367296	279	12	1
2530129	4827439	464	40	3
2094132	2613085	64	321	1
1806282	2136296	0	2	2
1223970	1601732	1232	45	18
203661	4454816	138	18	1
1328494	2599271	79	37	1
3064046	414636	49	3	3
2520522	3661499	145	90	1
107289	1138134	444	61	1
4080770	1856817	304	61	1
1455823	1515130	0	1	1
285622	1680680	174	110	2
1478080	2915715	7009	593	2
1044803	2555880	642	79	1
17920	3375853	189	55	1
4857533	4311804	85	3	1
1043625	2744914	50	11	1
4577543	4024777	200	86	1
490081	2101438	576	183	1
1630365	623023	143	22	1
2931235	2998600	82	13	2
531787	3201615	570	73	2
448517	4252892	12450	625	1
3119857	4322776	1460	353	1
2559016	1920425	92	98	2
4256729	4371764	267	23	1
3740565	1440367	124	7	1
1668728	2213389	127	6	3
2633981	1855009	836	83	1
3419574	2667800	0	7	1
3037644	2881003	2219	71	2
1006975	1400592	113	14	2
2809337	85447	510	52	2
4288750	2567633	138	14	2
2961231	2450647	630	133	7
1954920	486005	1113	111	1
76763	2991901	51	2	1
1015986	3183789	14201	604	1
814049	2267982	2182	229	1
1987666	1859844	205	13	1
2593388	3097007	154	26	1
2058931	2942708	220	6	1
1265706	3026440	38	179	2
2883815	2698428	24	1	1
1074367	757870	200	58	3
3260693	1581527	15	3	1
3216179	249788	102	4	5
4182878	473462	204	31	1
2500093	1516537	158	25	2
4538456	1978482	2432	94	1
1801341	295423	85	83	1
4123615	618837	172	87	1
1365332	87527	1582	266	4
4381900	621247	445	117	2
2293038	2819459	286	592	1
3429081	363871	75	4	2
3187631	361191	14	80	1
376238	4213563	289	91	4
4619541	1836198	89	38	1
1730094	3064802	621	71	3
3578650	852	444	59	5
1014658	4837514	2003	200	1
1217747	4099629	208	30	1
2336476	3408399	108	3	1
2647342	2149852	1550	68	11
2727581	692440	7394	757	3
2854332	987935	168	21	1
3412172	3194341	2700	227	1
3037383	350850	208	71	2
3230622	2140605	6	220	1
3984149	3520333	928	40	1
3125855	4515386	20	40	1
3980991	2640887	38	19	1
3605845	261124	16	1	1
4204344	3290086	38	8	2
4291229	3969099	118	28	5
3361377	871864	764195	4841	1
3598782	3730467	97	312	1
719144	1281335	99	32	3
890057	640131	24	2	3
4019936	2936090	12	4	2
4848578	176396	101	5	1
4219880	3192221	5	2	2
1196980	2499418	538	17	3
47168	3445993	49	1	4
3994838	1479639	183	145	74
707648	1512689	0	8	1
2594924	1468160	121	65	1
1545036	2148368	47	254	1
4827139	1470941	64	11	2
1050787	4123308	56	7	1
2465665	4136747	1159	167	2
302328	2834345	732	266	1
1447139	4248880	54	1	11
421093	3775143	205	64	1
813916	1566872	33	18	1
4841167	4768250	25	9	33
2230342	4111094	3940	30	1
2371831	4460863	0	2	3
2915097	4182863	89	14	1
3964688	229251	50	6	3
31508	2455239	646	53	1
3458716	3102968	0	11	1
150737	590090	156	14	2
4001704	3124454	71	11	5
3124590	4263450	24	6	1
2456220	2289465	164	99	1
2467847	3577412	267	204	1
2863374	4457786	318	41	4
1950368	4292482	74	47	1
2544887	2297249	620	95	3
4356823	2331724	727	49	17
3889756	3725390	105	4	11
4722730	4158589	2	4	1
2896715	2263446	32	2	1
13134	3345959	111	45	1
300439	257240	41	14	1
458480	2843334	720	75	5
3102854	3559313	31	6	2
1069970	735194	1	1	2
965744	1513511	89	10	2
2026629	3958058	18	5	7
1664434	4004517	208	10	1
4551701	3324243	3	4	9
2999852	2964459	486	340	1
4538484	1175042	123	16	1
275999	262194	191	9	4
3115768	3273854	35	1	14
209437	891619	1876	267	1
2237259	4018204	243	94	7
2517243	1684311	46	8	1
2108878	3449001	4399	78	1
3428556	1289809	560	41	1
1971076	3217213	350	74	4
2326851	658857	166	875	65
959682	2700740	404	176	1
3418974	678209	113	176	1
1919500	4817237	159	19	28
4294324	1400583	12	3	1
2911665	164852	18	8	2
3112785	4165438	103	9	1
1548078	1863725	2	2	1
2342046	2937253	10	12	2
4559961	4532397	49	14	2
3826631	287502	46	56	1
2188642	381517	98	17	15
1517886	127277	41	33	1
2945040	1198309	95	1	1
2596048	533367	23	72	2
4414533	1251410	611	10	1
1580474	3912830	5377	67	2
4311646	1686658	415	55	2
3405059	636818	9604	261	1
285622	2362774	174	110	1
4852291	1939269	26	121	1
2067337	3838310	30	6	1
835598	3479868	164	343	4
3903781	3406208	100	36	1
197648	157573	7	1	4
3466043	4076210	179	19	1
3501270	1526563	2145	214	1
3104285	3797516	515	33	1
4516604	2575668	13314	314	1
1608725	3958003	0	209	25
3333059	1345938	33	14	22
4588539	2979437	44	7	1
469051	3285788	282	49	25
2352713	1970283	54	16	1
3384043	3279606	346	22	11
2523520	1494836	218	80	2
4746749	4203772	3968	283	33
3333218	4084978	381	41	1
365240	2643405	682	124	1
1198322	3215626	52	26	1
752126	310692	60	19	3
4538484	3156060	123	16	2
2111366	3683910	80	11	2
1479575	553954	165	25	67
4506831	109028	18	3	1
1232882	1791819	6386	75	12
1635893	4063284	15	4	62
2676255	988495	10	10	1
1286523	1613742	218	30	1
1680255	899876	67	38	1
3146600	3315379	4	3	1
1923509	3205135	24	5	1
3236599	3580930	197	36	2
2662809	600653	10704	303	1
1339777	3204397	37	2	1
2590389	557947	2	266	1
4836679	3059441	317	446	2
3480652	4776442	13	1	2
1850126	4842592	342	101	1
3774	898486	193	23	1
1973065	3073624	0	67	1
4611680	4632150	68	180	5
2616314	1588780	15	22	1
22678	1167043	9	1	1
2635844	2214161	480	32	5
3305110	44087	302	46	2
4570464	4609894	2968	282	1
1441156	2583692	93	10	1
4648990	3197659	546	55	1
4507127	807254	1288	47	1
859513	2675058	50	4	1
1754436	1993033	210	102	1
3060714	4832216	6	1783	1
3548329	2599078	43	16	1
3041101	2770171	11	7	1
2173241	4376782	430	708	1
978797	1941129	12421	599	2
3082079	1983791	488	70	1
89251	2693757	319	16	1
1863103	3025341	14	1	3
2165481	2423930	430	59	1
2573848	2465917	96	29	1
3505068	1362563	2673	167	2
2515437	3526279	55	3	2
3268428	3775468	4	8	1
3226910	1677659	33	6	1
3940438	1714093	37	18	1
1706010	1639030	87	30	1
3594609	3659394	2765	48	1
585372	3808705	1479	99	18
4468814	3937024	722	48	1
1151019	3163759	324	16	1
4579759	3818699	346	45	2
716189	3008329	2000	85	23
4783537	4534983	253	46	1
2240002	2571574	27	6	1
3956129	1963547	93	32	1
966743	1189546	449	53	2
2080737	2855532	102	33	1
3676252	1360920	256	18	1
571147	2172451	5485	364	2
3031712	1045419	30	6	1
3363170	438684	49	40	3
2378171	4752696	0	4	3
961161	3025361	1290	33	1
1050083	2270247	15	2	1
3742641	2781348	131	15	3
3123201	290193	5539	126	1
529424	2058043	447	39	1
3134099	4430610	155	51	1
721228	2288711	287	70	1
2307763	1457578	94	34	1
539559	1614421	380	84	291
2196369	221671	98	9	4
1901765	4189321	43	108	1
3458017	3394163	30	2	7
4541441	4658691	9	2	1
4531689	2575656	0	2	1
2702947	1096449	164	32	1
3198053	2243418	5	1	1
3662772	388338	213	166	1
4860485	4571243	3655	89	28
4205408	3923161	251	67	9
3104446	4753042	1588	86	22
3347952	4864257	149	8	45
4712782	1166441	4681	171	1
2008967	4758653	507	298	2
3510587	2281970	206	207	2
2111366	4366289	80	11	2
2945411	4531398	136	15	1
1681	353423	121	188	1
2047809	217576	83	12	8
615680	4546764	150	11	1
1790111	2689629	456	73	1
933662	870848	506	29	1
3167388	2153914	9761	203	2
1184923	3938791	857	55	1
2898851	4235545	157	29	1
3760810	2016273	312	14	1
4686654	177337	197	284	1
2232435	1423407	197	15	1
2289627	565133	276	30	2
1903752	3322594	10496	506	1
2306945	4709190	306	101	5
1891400	4845875	1176	31	1
3948848	2161910	1	4	1
3600465	4005300	36	21	1
2280871	3172659	156	11	1
3343569	2145026	193	58	1
4094419	3647370	48	9	9
1160042	3012778	4	2	1
4770904	3669746	56	13	3
3172798	3742359	37	11	1
3293179	2667287	27	263	2
2429878	3083277	187	21	1
3135952	705989	593	56	1
28556	1991707	73	11	98
418494	1778151	663	124	2
1234537	185860	365	26	3
2635199	1770547	165	59	4
2600103	2275130	174	51	2
1356847	317767	43	3	3
308334	3845013	65	27	1
4845968	861940	817	109	1
1339973	1900035	133	66	1
4394985	1311322	175	22	15
2592149	2855544	273	98	3
2308840	3487498	169	8	4
4780185	1869042	706	42	1
4434869	1175043	247	170	2
1536341	478741	1995	53	1
2045940	1850990	270	9	2
3227444	2668085	130	13	1
1104368	2997375	100	7	1
4075641	4041963	25	103	1
433761	1052025	107	12	1
4244384	84660	1114	45	1
1532003	3601756	1671	124	1
3875157	3375907	265	17	56
2755468	4526454	15	20	1
766643	1167976	106	39	1
1491605	4306542	13	3	1
3290776	2303445	1	6	1
3337206	3677665	5	6	1
3082812	3402017	220	22	6
4371539	2166646	14	4	1
3796495	421005	101	61	1
345926	1604914	313	40	1
1892449	3072597	105	23	4
1811483	2396776	0	11	1
3940873	2555524	1162	50	2
2095514	4865560	997	45	2
497262	1571090	1897	80	1
4166126	3667088	88	82	1
1104368	802438	100	7	1
748019	2393002	18480	675	1
1919500	3250019	159	19	2
392971	4803223	41	14	1
1726806	4265893	20	24	3
22678	4770958	9	1	1
1692152	1045438	8	9	15
52666	3051282	139	66	2
3655780	2127918	1301	342	1
4730895	4123053	1911	125	4
828134	1231471	141	5	1
4408955	821869	2	2	5
3240920	2961073	81	2	2
4334842	3543331	4749	85	1
4501220	4200502	61	83	2
768957	1937150	7987	202	1
2670449	543012	3488	277	1
2407452	1109276	3937	249	1
2824839	176042	9	4	33
2967361	3025444	42	67	4
1935362	1209100	16	4	8
3921152	3522708	19	8	1
4084348	2752577	243	38	1
1405861	2753868	121	43	1
643882	4373111	1640	194	8
2978753	4422260	355	81	1
4547539	4830225	3195	206	1
3639542	2174098	336	840	2
639580	316190	179	24	2
3329363	1637418	30	9	1
4508666	1068893	312	33	1
3118623	1001326	76	46	1
2615517	77519	399	59	12
822064	2175429	141	18	1
1353449	2677065	920	101	3
4369028	2880607	5	3	1
2408877	1789641	84	7	3
1210086	917582	92	23	3
2982390	3850556	452	34	2
2840509	3738519	11	6	2
3513900	1319703	1809	280	14
1787830	1410085	252	43	6
1637849	1611267	78	9	1
417416	1451486	1695	75	3
1735388	2370990	33	20	98
1472300	825104	363	108	2
1939867	1099298	182	9	1
742626	3444083	25	319	1
2834992	3308869	1779	69	2
1853437	85183	210	31	2
454784	1345948	129	5	1
1545035	3313433	430	121	1
1483480	1045773	410	40	1
4417565	1265898	194	47	1
1366533	2663195	241	53	1
3234203	3967880	52	10	7
3500846	4745948	5086	210	2
2369663	4322896	128	24	2
2139873	4742602	882	199	2
1996648	1603113	98	97	2
287627	4523206	151	19	2
2333209	4456839	179	11	2
4618657	3378066	53	6	1
197648	1507080	7	1	1
3804962	3600666	38	6	10
255647	1667868	50	9	1
2592430	2448314	40	22	3
684731	2152900	58	3	1
2723775	1141346	16	83	1
571943	3579844	0	1	1
731666	1622207	63	29	14
177001	3346281	442	90	1
3438576	1354046	137761	3424	4
4246803	305458	4	5	2
4115960	609418	1656	172	1
1223667	2045316	1041	275	37
3534294	558328	88	16	1
2424662	2527968	1110	146	1
3801718	2722933	307	102	44
4054592	3074517	16	9	1
767034	1843423	1474	107	1
785590	4237061	1203	27	1
3270543	3829576	187	10	1
399115	4083661	41	4	1
502123	1263106	259	82	4
2451654	2892730	83	50	2
4182690	2012148	25	4	1
4680040	4475957	241	37	1
3153229	833119	182	72	1
1635687	404634	110	31	5
2580392	915100	101	5	1
4726377	2836750	17	772	1
59904	1046283	21	5	1
3225018	65946	461	9	1
1653483	3927655	372	886	1
3875114	1076529	3154	233	1
1331940	413144	32617	802	1
1509682	4749832	653	284	1
2868845	257949	98	22	1
3906263	3323163	130	48	3
3361979	2571774	2133	159	1
3656459	3953805	38	8	1
716014	4299550	39	3	1
3991826	3612825	134	7	1
3980944	2272162	60	8	1
2032853	1345058	210	31	1
4603179	2751375	135	68	2
1681927	50223	865	123	7
408775	2200034	65	13	1
864268	3255476	136	56	2
1809440	4534138	1745	48	2
2449603	1999483	433	138	1
52770	508419	466	58	1
3702505	4779461	63	8	5
1513404	573239	21	2	1
2363016	4162348	375	18	6
994814	3469909	112	62	1
2456835	3535673	951	228	1
768209	1792571	282	24	1
2052744	4430142	249	116	2
286533	382701	65	18	1
4104970	1942573	191	13	2
4816740	2649704	7750	141	1
3138130	4698270	849	76	1
2986641	1748924	226	69	1
501595	479658	0	13	1
1664434	3571259	208	10	1
4099305	969374	5174	118	1
4167066	3359046	50	2	1
3042764	4149337	3	15	3
4335027	2357488	11	3	1
4412371	3323618	181	11	1
227767	2159839	50	124	1
4099305	4550448	5174	118	1
3301573	182834	321	8	1
3853609	2520041	6897	505	3
3534294	538799	88	16	1
4431832	3960370	287	55	1
2827067	4009163	215	117	3
2841541	2052239	1379	67	1
4710089	3263605	69	17	1
2097258	1385269	247	34	1
2947429	3441531	892	19	1
2683789	1871515	198	29	1
3724660	1094237	99	17	1
3521704	1730127	85	16	5
4083312	2069007	313	8	1
1762118	5524	5	11	1
598261	2989715	11	1	1
1538797	282073	935	57	1
1381689	4669610	130	19	3
2112557	1877886	180	57	1
4693556	4624395	167	57	1
3583148	2876285	6	1	1
4456259	2889645	182	27	1
4389069	3144657	109	174	1
4337888	1761587	78	17	1
222226	4644488	98	95	1
2054772	506582	61	7	1
1162824	3398862	79	49	2
492385	2886473	232	21	1
2097258	2465143	247	34	2
3383902	3802135	1	4	1
2631346	4032558	135	34	1
2635893	4437270	36	3	1
1908049	2529763	20	9	1
2778431	3582722	3	8	1
4488528	2258899	36	41	1
2581956	2034371	2268	41	1
2167647	3359760	72	9	4
2226753	3450678	274	14	2
3026066	2777057	179	620	7
1112033	4031261	31	90	1
178410	1230355	15	1	1
1718191	3498389	169	28	1
359833	2028183	6	2	4
3471881	4117814	851	80	11
3102203	2606163	111	27	1
2466548	3142274	25	1	1
4176472	594447	173	32	19
652714	286598	1815	64	1
1893215	4600681	38	4	1
2526222	2581065	50	3	1
4660753	4521352	2207	178	1
903537	2189103	574	288	1
2867444	3038188	0	3	2
3929791	2529771	6	3	1
77169	2974628	44	3	1
502676	4440652	19	5	2
4737522	2977657	939	111	7
1073019	794592	4	6	1
1917591	4747026	0	3	1
3287393	4803102	0	1	2
3540235	840302	2	10	1
4653076	4461406	5	93	14
566828	520700	278	29	5
1847461	324746	51152	1211	1
1536077	1435284	14	10	39
2210286	4181288	14	2	3
1079005	2369780	286	6	1
694996	3553415	120	35	1
4741721	1353422	40	19	1
746701	610818	69	40	27
2241519	3846978	460	23	12
310957	1301818	349	96	20
2014854	3634885	1	2	3
2169091	3030855	30	4	3
863719	4208140	142	135	1
108486	159088	3045	225	3
1963713	4667185	20	96	1
4221262	3866387	37	17	54
1295981	1955581	353	47	1
1799561	4009587	294	373	1
1106007	1555693	1132	76	1
157339	2601932	198	54	2
1784246	4107011	91	45	3
4778396	49667	185	18	2
1218579	3026197	1019	434	1
2619873	2532538	40	12	1
3685001	457909	1779	37	59
4700817	3076397	66	14	16
244197	3254154	324	38	6
1943259	2844277	1765	78	1
2042396	557763	62	1	1
3508908	4037081	43	18	2
3415312	337469	22	20	1
267602	3060178	318	28	2
4532352	4412208	664	204	7
3345584	4362504	144	11	9
3945851	700875	2	3	1
1441303	3656997	491	30	1
19461	2790094	108	36	6
3384323	990042	240	19	3
4142495	2135332	148	18	1
2931235	4196092	82	13	4
2963276	3804807	154	84	19
2823179	4333780	6744	505	1
3280423	3434600	5	2	12
3134537	4742639	114	20	1
3565002	2630984	0	11	4
3157146	1178400	227	63	2
4288474	1061662	86	7	10
2064094	4514297	781	27	1
1187669	1267119	514	158	1
3088798	2570578	38	5	1
92912	592180	1	1	1
3755393	1726744	4	2	2
952975	3108324	50	10	1
4356465	4555948	1025	163	1
2454128	3852734	802	130	1
4397209	77804	507	118	10
4784726	650415	319	116	1
1637804	3400927	45	9	2
1830906	754045	88	15	2
4768522	755129	676	49	1
562796	360884	13	15	2
2917576	983746	1	6	1
4807248	1895752	413	71	1
762144	1117861	99	8	4
4250554	3481437	46	2	21
3449911	869242	104	588	7
3457077	3717443	1913	201	2
4027595	1410822	148	22	1
141367	1333608	963	17	6
2396535	2178046	26	48	1
553041	4314908	5962	455	5
619507	4503035	260	63	1
3597502	997811	223	23	1
1964454	1862479	4	4	5
2109737	3320242	86	41	1
3676252	3563372	256	18	17
4195246	423793	59	13	11
4017703	4042350	426	378	1
3753941	765496	55	3	6
406228	693995	35	32	1
356401	2057971	160	85	1
817704	1725437	152	17	3
781179	3709398	333	16	1
3820148	844471	146	29	1
810325	1058108	0	60	1
3093057	4769809	105	19	2
1357975	4152044	171	59	1
1873375	994444	204	66	14
680141	1237221	132	11	1
2417958	1172592	1099	35	2
4384785	2913238	50	17	3
4148104	972844	1379	19	103
4313641	4004353	1879	215	1
2572933	2208669	221	452	1
5271	4569569	5	2	1
4329887	1886666	28	3	1
1435227	633433	8	8	1
984230	461810	264	21	4
1546590	4736100	66	19	2
2647478	1909158	628	23	1
4380244	824478	101	51	1
3898535	4755773	9303	59	2
4707650	779390	6619	257	1
2949253	2320246	23	1	10
4125527	4381625	1880	305	3
441416	4335335	238	147	2
3990263	2189759	4	3	1
2305948	4082082	559	53	3
3542457	19003	252	105	36
348164	3531685	419	20	1
3567118	1866417	19	63	1
3867363	1593388	36	1	1
1703234	2013814	54	9	3
1252520	2792665	26	1443	1
4705188	1992698	8658	336	2
1601752	3377116	56	9	2
3003173	3566181	1004	111	2
948100	924746	4	2	1
3270646	3931694	3571	390	2
211416	1845813	26	136	1
1965817	4138359	420	51	2
50313	52139	75	16	3
2365051	230615	436	118	1
1185398	283551	41	11	1
1670258	2192985	457	35	8
4099597	3821491	53	8	11
2507470	355665	1	2	1
1222505	3614597	186	17	1
1390745	3195840	230	236	1
1292305	1918969	75	7	2
311581	4264449	5	1	2
1255199	3725212	285	55	9
4059212	2149701	33	5	1
638753	4394233	1817	88	2
1575124	115031	431	85	18
1029999	3450043	609	47	3
3750864	246944	11	5	1
3181745	3204535	16	8	3
3294217	2512842	621	89	92
3524005	1390422	2	1	1
1535109	1921326	52	8	3
1818611	2161531	92	8	2
207376	4487998	453	66	9
1341441	3155282	90	54	1
1020370	305818	82	7	1
2086467	4478387	399	312	1
2609765	1670026	79	3	10
4350742	118063	338	36	1
1562656	3209691	630	126	2
1747484	1088498	332	148	1
1196769	4252646	44	3	1
195401	4660265	286	65	2
250678	106004	177	35	1
2371003	4670085	154	103	3
3172798	1896359	37	11	1
1609355	190781	295	50	1
4504183	2075985	47	14	1
4361636	2825925	1867	186	1
1107850	2171295	90	76	1
380817	3988498	1035	32	1
3318449	4680280	968	21	1
2870711	188650	2239	87	1
3279717	32966	233	15	1
1649029	4121621	0	1	1
4118168	3328997	44	5	1
2054797	2662497	120	29	1
2430991	803424	34	11	1
201249	2859183	621	323	1
2943892	3071828	163	64	31
3701452	4530753	1269	88	2
963404	823852	54	8	1
1779825	168979	75	19	1
3582815	2688070	157	90	2
253352	309386	10413	237	3
4106906	2981097	1068	119	1
2790336	4189968	990	132	1
2931617	590129	426	93	2
3280423	2661611	5	2	3
785590	4834389	1203	27	1
1411842	4083505	1460	93	4
2224016	4191010	16	1	1
1726747	2900721	56	30	2
2121532	2798157	42	5	1
3449530	3785312	73650	717	1
2887780	2411718	79	6	1
2613814	2212015	1818	242	6
4484369	4196422	218	35	2
2169223	730318	5	2	1
1022131	1491568	30	76	1
1349132	3649734	989	97	521
1677932	4256690	111	20	1
683974	1134762	503	80	1
573226	1222287	4431	59	1
1462529	3761856	110	16	18
3899811	674815	119	9	1
749847	4147819	2	2	3
3186537	2011587	104	14	2
2018795	3609287	326	45	3
546566	1046818	151	3	1
2829587	4145665	173	2	1
3997113	4848470	1233	40	1
3000578	3459105	73	4	1
3004174	600115	5546	258	1
670299	1132967	378	33	1
4071525	1440450	68	3	1
4855142	3476420	93	28	2
241266	1982360	58	14	4
1718734	4463328	884	88	5
4176545	3504503	69	15	2
3750255	3047727	176	18	1
4727625	4160692	192	60	2
4449760	226342	126	35	3
3383846	1575869	59	9	4
33580	3346622	17	5	1
3227523	1721985	31	6	1
1196156	4549015	15	85	1
1889981	681816	1019	20	3
1523388	2165487	24	4	4
2781096	1941505	201	4	1
4628259	3031280	291	8	1
2059639	4491190	254	20	1
3602310	3455973	199	28	2
4258870	2791141	4963	336	4
1215268	228039	657	111	2
1370197	2897880	3306	665	1
1382209	1208989	66	12	2
1602020	1984498	192	15	1
292547	820251	51	14	1
545109	126600	144	31	1
529670	939131	69	17	4
566506	231188	53	37	2
1433659	3009744	141	12	1
798011	926757	34	4	2
733737	2767148	376	118	1
3732555	4344262	1363	171	4
1907280	4584157	394	100	4
2627004	3669485	182	30	1
1781080	3028490	176	45	7
1201117	3743038	198	76	1
4309630	2544212	476	105	1
3396719	377708	8142	660	18
3963176	3194257	687	56	3
4155819	3798181	456	93	4
4068910	1007750	1470	131	1
773389	1793343	35	5	61
408149	3693614	7	1	1
4085021	2405237	44	15	5
4054592	4434506	16	9	2
1190760	4556413	43	91	2
1004913	1197797	89	65	9
127913	2177170	564	15	2
624012	2393045	145	6	1
4702792	4851446	0	4	1
568276	1434443	1030	58	2
3422787	236660	296	93	10
4360960	4825842	110088	1642	1
3728599	1740270	243	22	1
555531	3478648	56	7	1
445051	3188830	121	49	3
160338	863342	393	288	1
823151	2948706	107	22	2
2163471	4717043	131	401	1
878594	4367251	133	16	1
2810307	4483691	92	131	4
2393436	4500612	115	22	6
2498565	1310103	232	81	2
2041204	1219745	371	151	1
4382293	581238	105	124	5
4832464	1746259	9	4	2
1532455	1457830	96	8	8
1534749	1750308	0	1	27
3395253	4091745	80	2	1
428287	953945	209	81	1
1366533	1635009	241	53	2
1534749	877291	0	1	4
25433	1309462	77	8	1
4255252	2571157	991	176	1
1335910	4740223	1	12	3
4011057	538385	83	28	1
3911054	2404098	0	2	1
150737	4795539	156	14	1
913542	1669108	6	29	1
3147347	2422258	1534	172	1
779395	4000979	48	41	2
1070155	1510753	181	211	1
4318582	1896501	239	5	3
2313924	1974789	62	8	3
646688	1318640	243	115	1
3688475	35635	16	18	1
1000106	2482450	2608	972	1
92906	4407847	301	41	1
3736141	1921584	0	1	6
3746785	3260417	1080	85	1
727527	2504626	4	3	1
282836	2350889	440	53	2
227345	4696987	225	38	4
112565	631326	268	31	1
8867	375452	16	22	8
1821864	4167921	264	39	9
2006474	3831365	48	6	1
1083911	3769424	490	101	47
4345460	311751	1317	117	1
4166126	723729	88	82	60
1643116	1034787	162	82	1
1422266	3373031	66	111	413
385276	3342973	21	8	1
3181745	163352	16	8	2
2442971	2320288	58	5	1
1674952	2582386	723	84	1
3645402	1295241	7401	153	1
2723351	823648	149	135	1
3607310	1160491	3879	318	1
597648	4526320	1880	29	1
1483142	1994462	186	10	2
4642496	4358684	292	105	1
1961294	3622755	53	27	3
3932882	3366987	156	68	1
4635406	486680	75	15	1
2075583	4770627	242	17	45
3505472	4398584	98	208	1
4650956	1983295	3	121	1
4494033	913918	852	98	1
1185376	3449695	0	31	1
2285760	2177067	24	4	2
508120	1522208	342	31	1
3912336	3314732	167	2	1
1161818	4109751	113	19	1
2752273	1537874	8	11	34
3729194	2221479	217	31	1
1943141	356866	154	97	1
603234	1398586	504	82	1
1327933	2999453	4229	866	1
4345460	659345	1317	117	1
530905	363968	226	15	23
880288	421471	5	4	8
3192574	1724952	78	25	3
386346	4166180	169	103	1
1449297	218424	139	30	1
4726840	2008242	69	7	1
2882832	4615925	887	146	1
2872011	654784	21	3	1
3804765	3498677	22	14	2
3752743	1489031	430	22	1
1995965	4217188	200	86	2
2658445	200770	453	84	1
1582171	4159163	70	17	11
282615	115525	195	256	1
4716689	824713	240	93	7
1785754	2712879	0	2	2
3290204	3275680	931	256	1
1419473	2103457	97	75	1
3549424	353887	200	71	5
1367618	3552424	2	2	1
675763	2376418	63	5	1
4274666	1528814	216	134	3
1709015	708184	998	66	1
1844117	2405911	441	76	1
4366854	3947436	737	186	2
2817817	2842229	147	11	2
47928	3537556	3814	120	2
2973809	4613383	196	16	4
3722499	1123920	319	45	1
3835444	352767	56	10	1
3449337	1654494	1668	34	1
2965826	26060	295	79	9
2579876	1298407	461	9	10
262738	1434008	99	14	1
2441073	3078931	3161	126	1
2468110	4317238	226	19	2
3132706	2149847	23	2	2
3411803	3135668	1023	157	1
1824878	584908	261	330	1
4309630	48314	476	105	28
1621849	3389109	1877	201	1
3258022	2089848	28	3	1
2558493	4104773	0	407	1
1351984	1608011	55	32	32
4431219	2447849	110	9	2
1430307	3910466	13	2	5
3393945	3784745	169	13	1
4195246	1277161	59	13	1
1241127	2111000	197	67	2
4530534	3514154	78	97	161
2482824	4075190	499	117	1
77213	4305285	1656	214	3
391559	2110824	59	6	3
2426862	487471	184	28	2
4087774	682306	10108	578	1
2320323	1850251	5	6	3
3186642	1797051	0	1	1
1847355	3294321	47	3	1
4085881	4142927	47	15	1
2685444	4661013	315	56	2
4298480	707845	112	40	3
4035725	44308	453	146	1
1546600	663028	206	14	2
1563618	316383	39	7	4
1436668	4328199	404	106	1
2237447	456816	437	45	1
1213239	46324	527	74	15
2419040	1509971	11	3	4
4628259	4258190	291	8	1
2757368	4709795	192	7	2
1147179	972589	162	71	1
216970	804996	290	13	1
3436133	3902523	4	2	1
2424662	775366	1110	146	2
1759782	1633333	862	173	1
1760760	2616522	236	179	4
3903367	3237113	118	9	1
3867991	2109970	140	23	1
4426113	4376578	77	7	6
3504668	4132186	28	74	1
4555638	3953335	397	181	2
3459024	1972722	8	2	9
3028427	4834878	28	2	2
3278666	113129	271	76	3
439041	2804782	162	79	1
2997746	347744	12	4	1
3846489	4407472	283	16	1
3031240	4402533	200	22	1
310708	2762708	1665	83	1
3757659	1513155	150	82	1
2226235	2978250	897	38	1
3410500	4770825	2172	131	1
2060	2561751	104	42	1
618355	4734119	62	32	2
1438390	1658964	173	18	4
3207182	2074279	31	279	1
1865128	1130223	2838	76	1
1986843	1732975	267	166	13
3937867	589311	177	22	17
4435816	3609194	8391	262	2
2196015	644442	154	61	4
3705863	3088989	0	2	1
3075234	2450478	2457	550	13
1831774	1425618	1883	228	2
1575124	823351	431	85	1
1057063	2551912	86	12	16
4519943	3501410	5	8	2
4600097	2527123	261	25	13
1284896	1739363	25	21	2
3992144	697238	23683	402	1
2940698	2373871	353	56	1
2095256	268465	94	92	1
757810	1887796	39	1	1
1628356	318981	1715	49	1
2306945	3927706	306	101	1
3854592	4641473	3483	108	1
668438	1950472	30	3	1
3779619	2962863	0	1	2
1997681	409521	9	1	2
4359964	3974477	281	104	1
1776477	1137028	409	21	1
1202137	1892338	533	138	1
1312011	1530535	231	19	3
4318582	2228265	239	5	1
3392360	3737662	408	174	2
760383	3045065	26	5	3
3845256	3569604	108	79	24
349174	4336203	103	4	1
2856484	1441528	202	48	7
2747950	4587990	79	9	1
881248	3366933	55	254	4
873006	3692153	33631	375	1
2642477	52708	279	12	2
3707339	3386698	99	15	4
1571527	1269726	155	4	1
290670	160020	3851	252	1
878433	678872	162	15	4
2665072	1455115	229	55	1
3862098	4575267	145	53	51
2318588	4619284	1272	104	1
4230834	1112543	48	20	1
1070876	3991970	80	62	1
4594565	2273040	112	17	1
1131765	3553218	660	57	1
1593772	1965477	83	30	1
2827478	1280116	267	198	3
3898650	2634341	91	22	1
3322785	4119097	187	8	23
250678	811722	177	35	2
1325299	1393523	40	13	1
1653998	609485	1986	24	1
2035685	3126603	610	111	1
4270480	1296011	80	39	1
1038389	333466	698	162	2
4488849	4339903	4704	136	2
3632293	3712273	21294	570	1
2033444	4194124	193	20	1
3339589	297630	70	6	1
3396550	2117815	221	77	20
4642496	773313	292	105	4
104725	1763927	40	17	1
1533546	3526639	22096	703	1
3025822	2259380	60	27	1
4258870	634115	4963	336	3
3243295	3794887	108	10	42
1460125	3141466	42	4	1
3843062	259844	205	32	1
232646	3299196	1741	321	1
1387865	4265404	477	18	1
3023496	4790497	7	8	1
907995	2126403	37	11	2
4493973	2712840	1	1	1
2629053	3569908	376	79	1
4653086	1470119	111	5	1
1325983	1499285	262	51	1
2860851	1165243	199	39	1
1876706	1750169	143	57	1
4214558	2223873	171	41	1
375294	3744356	385	43	2
3582194	681424	476	99	1
3005188	2663295	320	10	1
1363893	2164291	6	4	1
1388936	2058198	82	5	1
2313761	1589319	663	70	1
4033543	2214450	49	10	5
998017	2552308	44	14	3
2672949	3799552	30	20	1
2635199	399688	165	59	1
2584036	729384	107	18	3
1333640	1654845	22	18	3
966628	1875014	232	32	1
630220	1598760	2886	594	1
1327352	2958978	1	1	1
2597856	4495772	1	1	1
825737	2289967	9	12	1
2889711	4190578	226	25	1
1788928	2950653	224	14	5
2797039	3264950	97	5	1
946775	3756034	1072	110	1
2757156	935110	8153	237	1
3124590	4271401	24	6	1
4829448	2060302	191	41	1
3848849	847939	257	78	1
4865498	3703703	237	20	2
4696519	4452650	185	46	9
2108131	812414	629	25	1
2306044	266650	22	8	1
2845921	4199720	172	36	1
136101	2216143	257	134	1
2033773	2652924	596	58	1
4050480	1486794	4312	422	1
2253003	3269325	3	3	2
3898456	4818599	183	21	1
686509	3056807	383	15	1
3270523	4200916	157	19	4
556323	551293	325	51	1
833220	60386	53	79	1
570047	388180	90	91	1
3802897	1305710	6	11	8
454035	1199149	166	41	2
511482	1160238	468	49	40
2016133	3477239	328	14	2
4274787	2886101	553	70	1
904266	3454006	581	70	2
3457925	4127707	179	48	1
687425	2218031	173	29	1
2374857	886696	31	12	1
1013164	1356943	172	31	1
3356234	4817890	58	8	1
4277632	2356293	2	1	1
2827436	3135264	280325	882	1
3687221	3087311	191	68	1
4519357	948373	485	163	1
838661	3159463	9	23	1
4001704	2763704	71	11	3
268451	3908091	292	61	1
3449337	3142332	1668	34	1
3800676	1798818	168	35	1
762948	1385794	387	179	4
478909	3981634	8	42	1
1356415	4056789	521	40	1
1087655	4332325	3037	451	1
4653941	3211819	45886	951	3
2960291	581864	1664	66	1
3913262	3791435	72	30	1
4538133	1918487	601	108	3
3657859	3938448	92	8	6
4113667	297639	300	34	2
3483424	3093174	12	10	2
3072831	667380	226	52	6
4809054	613199	70	6	1
867294	2498694	109	3	1
182123	2473221	218	17	1
401947	3433560	7890	367	1
4408039	3216066	42	6	1
2370635	2647521	123	48	1
4398589	4244653	30	10	1
3117421	499234	162	64	1
2826379	2383023	212	26	5
847782	4385616	1411	364	1
3070731	3677274	44	12	1
3102203	733655	111	27	2
4391648	822938	79	13	2
4478691	1603162	485	4	1
256736	2335273	271	76	8
1503741	2952950	947	56	1
564904	4355127	197	132	1
162605	4054700	378	74	3
2430991	556917	34	11	10
577164	4418318	375	40	1
2268260	1971496	122	10	1
3906434	1633954	17	54	1
4836385	849843	46	37	1
582305	4512676	64	25	1
855030	3920663	164	77	1
244444	4156552	1390	39	20
859916	4465389	2018	133	1
2071240	4642051	533	77	1
4232730	1060911	79	122	1
127479	1548127	329	94	2
2594883	4772016	47	21	2
4096959	319400	95	23	2
3581291	1173954	535	83	18
4096880	3573703	790	71	1
4282054	4536567	114	22	1
40331	2797291	54	19	1
190245	2632515	205	31	1
3328066	4596463	223	17	2
4211506	3439397	31	115	1
60980	1489141	20710	649	4
734849	214278	991	27	5
1595859	1005836	94	34	1
817851	3098507	11	1	1
4600827	10062	38	9	7
1147179	4162806	162	71	75
4268264	1389684	22	4	7
4165802	1385504	89	21	1
3272790	656478	3168	40	7
4249273	2954516	3063	225	1
4363186	495505	525	76	1
1492666	2223176	226	25	1
4479145	1531087	12	6	1
4195259	3092113	861	148	1
1250021	3666924	85916	4637	1
1036207	324256	2198	140	1
112501	1187008	0	5	1
3839749	2078547	366	266	1
2380084	4186737	126	38	3
3230239	2330979	107	8	1
2283618	734548	36	14	3
3041416	972847	229	29	1
1623677	897606	65	5	1
241712	3808209	4	3	1
4611279	1162197	294	40	1
1099217	2234395	48	50	1
3033875	3843200	111	81	1
310109	2875682	22	5	1
4779065	240670	319	57	1
1118721	3417418	38	5	1
319011	3404402	85	57	1
2212917	4116921	150	43	1
4626125	2036483	83	5	1
3702505	1412032	63	8	1
3350925	1322771	859	92	10
4860485	151760	3655	89	1
1743193	2162163	157	55	1
3962969	1987447	69	4	1
2536293	3916811	326	52	1
2671455	4330188	607	120	34
1294042	1168219	71	56	2
4589902	3271650	293	72	2
951183	3215165	247	41	1
2688166	3277857	197	11	2
3695421	118944	92	8	1
4600827	2915381	38	9	1
920030	511453	3	1	1
1836086	1508666	100	21	3
4380766	2061688	1165	114	6
2553467	3090668	276	13	2
4548429	3070242	12	2	2
713575	3701689	219	30	2
64357	3240529	6329	309	1
1618616	2761603	5418	931	3
1168623	3678672	122	12	5
1735388	2208273	33	20	1
831215	3136653	99	37	1
2698027	3154147	954	62	2
1814709	556990	5746	316	1
2256625	4221916	81	20	1
4234145	1961959	80	7	2
3098318	1440208	1307	230	1
1009786	1413659	5	5	1
3616798	4783264	71	33	1
1176741	1115178	263	45	1
3177515	847982	84	18	1
3393473	2976555	82	21	1
1255139	3910677	122	438	1
1201117	3995514	198	76	1
3158596	3438614	279	110	2
1916562	2469334	1	3	1
251770	1641773	250	89	7
3232967	3510896	174	35	3
2247104	689406	20	4	1
355833	321059	173	17	3
144557	4285359	120	94	1
3460440	4060890	1134	193	3
1851261	3652310	52	7	3
2985597	2023147	836	159	3
820590	1331322	337	76	2
3615528	2052354	267	27	50
1891400	3747102	1176	31	1
2950311	3362196	85122	807	1
2156735	2715874	101	4	1
2049713	2279210	89	22	49
4163877	3007269	363	31	1
2144504	3769785	129	555	1
4054269	2045965	471	14	1
3071444	4041067	257	184	1
991839	361556	128	47	2
497944	4489137	91	41	2
1995965	3085034	200	86	1
1971124	2127893	332	30	1
2162483	1659877	286	146	4
1780719	3266858	93	6	1
3644757	4372870	244	21	1
3225310	3016374	10537	320	2
3859832	3145056	23	13	1
4385854	1492105	98	91	1
3604698	2514647	273	8	1
4631961	1320431	214	42	1
860342	779991	51	14	1
4013457	4714975	35	66	10
3500268	4520612	257	45	1
827649	1134246	106	10	4
4793241	3961122	121	16	1
3720283	2361246	257	50	10
4594006	2966245	102	9	12
2481224	3624732	179	24	2
1536077	1285302	14	10	1
1550112	3228428	82	6	1
1616024	4549047	59	5	3
806809	3064515	263	103	1
1469564	1359112	106	30	1
4754275	1707835	2058	75	1
603234	326307	504	82	1
4593582	4714289	81	12	1
1689957	3367821	15	64	1
3592636	945639	92	9	2
1845445	125353	130	71	1
1670146	3948375	259	66	1
3504668	3301578	28	74	2
3825502	2761340	235	62	1
38229	4428131	95	670	1
4191709	4350124	47	2	2
412862	1037354	860	80	1
410659	1341491	44	33	2
2948015	2775105	28	3	1
2201746	1084566	6	6	1
3030681	3563080	14	3	1
1487804	3825172	123	21	2
2540979	1418298	1451	245	1
1689134	84921	227	20	1
472291	3492119	33	86	8
1138792	1929668	101	15	1
1099217	741362	48	50	2
701411	361679	136	2	13
2568727	3640813	156	39	2
3564295	2036970	1244	27	2
2641007	3409137	142	20	1
2314038	4239755	16349	456	1
541670	1507585	53	37	3
1530503	1877968	217	26	1
