Source	Sink	Source_Followings	Source_Followers	Sink_Followers	Distance
4156257	4504242	113	63	274	1
2960143	1466981	192	8	5	1
1719606	527267	278	101	327	1
531474	439041	89	57	79	1
786311	1663869	18	32	117	1
1158858	2136428	146	34	5	1
2670101	4037770	209	37	3	1
1222505	3020366	186	17	1	1
401947	4571446	7890	367	26	1
842427	1337853	44	6	1795	1
2572751	4720781	444	42	1	1
3252058	2915647	1860	26	8	1
3183791	1258352	347	45	4	1
3338096	888639	12	34	22	1
3414168	4482172	296	655	15	1
456154	542927	581	48	36	1
402837	4413986	180	94	1	1
4234145	2383130	80	7	1	1
4420088	2846643	94	152	10	1
749690	950671	60	3	1	1
740261	4733189	103	56	2	1
2352713	3872071	54	16	4	1
666816	3323691	83	14	5	1
619847	3983431	60	16	26	1
2297633	3741397	161	14	275	1
155547	3122640	350	34	57	1
4384375	4072107	4747	129	447	1
1621775	1632970	45	10	68	1
1963890	2448524	177	18	7	1
2153178	2956553	29	28	610	1
1372449	84657	321	75	123	1
2636315	976040	254	46	3	1
3410072	3600103	321	17	8	1
2376083	1804095	2	1	1	1
820476	3214893	822	113	1087	1
713325	64448	34	31	309	1
163870	2711416	60	6	1	1
4524940	1143717	57	9	19	1
3703380	3835546	159	36	36	1
3341107	3413786	34	4	6	1
4193047	4341925	1266	89	156	1
4735323	644886	114	52	287	1
775016	4693295	326	95	60	1
3740149	573872	60	62	60	1
2206657	1870446	73	69	38	1
4129372	2567324	395	61	74	1
2200544	2027108	241	32	1172	1
4799011	3771670	6	38	480	1
2373691	4803152	119	6	1	1
667330	2817001	98	36	6	1
3525229	1250764	381	189	7	1
2237068	1702245	2206	211	469	1
268451	4497774	292	61	2	1
849824	4852291	66	15	121	1
732718	2572933	308	28	452	1
4791406	2044318	206	84	134	1
1343126	1620165	153	40	65	1
4313884	130898	864	68	49	1
616984	2919442	37	3	1	1
3469158	1436562	52	6	694	1
4215761	984524	77	12	28	1
2587544	604390	1055	111	44	1
4853519	2853969	522	160	1051	1
663087	3325882	3410	551	345	1
3941959	2092359	14	2	421	1
3300806	4681321	517	46	22	1
3381720	4084861	70	60	128	1
1747484	2431075	332	148	39	1
2202417	540049	161	163	113	1
3522421	4050850	145	41	51	1
3142503	2398894	135	7	2	1
2922412	4309860	3629	464	24	1
4705162	2428611	2	6	57	1
1887772	1739611	17	21	44	1
2733969	2915097	372	143	14	1
4172298	581588	338	92	18	1
2911269	2631532	20607	740	73	1
805251	2197877	417	34	11	1
3188415	3377733	1078	189	16	1
1919500	1904406	159	19	18	1
1747240	377146	89	10	7	1
1459296	2365339	129	13	2	1
2085287	1055319	1199	61	347	1
1275582	2199988	435	31	5	1
2021878	1012160	8	5	59	1
2539336	2828539	158	59	96	1
2763877	2075015	436	77	2664	1
1289166	1907049	90	4	1	1
632811	1354317	202	37	18	1
4105945	2932519	47	12	530	1
1821864	201301	264	39	106	1
4011312	2535295	26	7	21	1
569240	4646905	54	64	3	1
820476	3832364	822	113	1353	1
2360093	2538651	84	19	1	1
1105493	2862019	4	137	903	1
4249273	2873388	3063	225	70	1
3258271	2320172	240	81	2	1
547939	3509903	95	12	1530	1
91412	3588975	193	91	14	1
2400794	885508	38	5	1	1
4107348	3918618	59	41	299	1
25871	1233542	1848	214	380	1
4510122	4209215	410	76	215	1
2999674	4203573	47	4	1	1
1518991	2554450	139	13	91	1
4716655	2749118	103	52	54	1
4618437	4717522	743	372	913	1
218698	2672578	99	43	736	1
4581275	2852681	28	8	107	1
2439135	1115008	138	25	1	1
2615366	2340628	203	5	249	1
1016317	2114344	572	83	3	1
2249236	3957233	206	13	1	1
660674	1942087	111	458	149	1
198776	4652564	169	32	1	1
3839749	1362214	366	266	148	1
2059930	1169783	12	5	246	1
1836086	1600900	100	21	282	1
1617409	4805288	81	8	53	1
2613814	1336450	1818	242	14	1
3243039	893927	544	29	109	1
4628214	1497278	115	46	1869	1
1213877	97028	44	9	619	1
2615574	915448	133	1	2	1
1358075	4696176	228	37	521	1
974734	3963322	6	3	1	1
4796054	539723	4	19	53	1
4292786	3148412	457	73	57	1
2206106	3557828	369	21	1	1
873433	3186783	195	9	1	1
3559275	2538609	39	4	377	1
1455981	4576296	59	15	19	1
4721293	776764	158	27	7	1
69306	3371843	254	187	19	1
3108039	1192547	57	32	69	1
4407691	1366981	9	234	13	1
4352292	2233192	139	22	11	1
3020256	3122640	511	97	57	1
2101645	1501307	13	7	37	1
2238602	269469	37	6	13	1
72653	3308893	167	5	10	1
2262173	4045746	201	95	173	1
2598915	2330828	527	30	5	1
3918669	2172902	160	130	2	1
4652882	3856654	693	44	4	1
3135952	1390821	593	56	21	1
4288474	3250744	86	7	1	1
1345777	355833	1667	187	17	1
1158453	4144834	27	3	41	1
3612446	3473361	1944	32	129	1
4224492	3537165	1308	123	179	1
226013	4835247	187	30	663	1
4123892	4582380	383	45	5	1
2989104	899633	80	6	5	1
1831642	842929	534	47	10	1
960415	2962391	272	33	2532	1
510477	4031004	89	15	24	1
1157186	4575690	15	39	88	1
419362	4257074	5584	314	99	1
166499	1850447	73	7	26	1
2665660	3509903	126	9	1530	1
1738937	3139400	274	14	4	1
4251197	3750225	55	31	232	1
2792349	4398694	1232	25	2	1
3003447	3996918	172	85	4	1
641191	3166514	151	69	111	1
249932	4390758	981	93	4	1
2676255	2266856	10	10	2	1
1895439	1268467	613	270	2	1
576373	1787940	751	54	2	1
4653861	4616754	226	8	5	1
4583244	416770	237	26	709	1
4436755	2340628	82	26	249	1
2146554	3909070	290	84	90	1
4077796	1173694	301	237	34	1
921141	3421047	27	11	4	1
1824878	4360799	261	330	910	1
1550552	3857942	45	7	6	1
3770521	3364750	6	2	8	1
695505	2645085	2720	98	30	1
117040	3105902	504	87	392	1
2642344	59603	29	10	283	1
4641209	4753304	247	21	2	1
2468096	1978291	687	110	48	1
921529	2172141	144	48	24	1
2665746	3022794	297	17	92	1
4458506	1001545	56	10	408	1
4439965	826370	93	31	31	1
3873117	1888218	377	51	692	1
1207815	1325277	30	17	71	1
880329	2757414	177	47	67	1
4526732	103101	148	24	116	1
3294217	1358186	621	89	49	1
3933749	2819185	153	38	19	1
578843	1134726	177	54	38	1
2940706	3431626	845	31	13	1
1731604	927130	86	16	201	1
4725815	1149047	27	3	1	1
3937867	4016232	177	22	41	1
1927780	1260131	6230	420	163	1
4809054	4099841	70	6	91	1
3260109	3719023	176	542	125	1
3661255	1501207	64	80	28	1
5908	2980119	438	80	154	1
103101	4292033	522	116	17	1
1251869	3301174	317	124	486	1
2603370	1365761	161	10	4	1
1815643	1029490	222	42	67	1
860308	132925	147	19	6	1
2836920	801874	383	68	64	1
1828194	2763959	116	3	1	1
3256180	746494	173	44	7	1
3383201	388851	117	37	7	1
396197	63405	409	48	83	1
189347	3756410	2001	87	32	1
197541	4686654	1912	134	284	1
601795	120964	313	20	384	1
2042896	3206499	160	23	1337	1
4726377	3568234	17	772	218	1
236400	4799138	114	25	1	1
2107297	3455778	11	34	94	1
3603896	2406183	19	2	1	1
4191410	55521	96437	1590	20	1
511702	474875	1239	24	110	1
4855583	242709	209	65	34	1
359225	660674	211	27	458	1
1009285	2035141	35	194	47	1
3540753	3884447	1499	140	2	1
3977994	3379358	4	3	44	1
690695	2058715	135	80	5	1
3812950	3109326	13	2	126	1
4154740	2085859	1352	68	764	1
4144305	2995390	338	50	9	1
2889711	25593	226	25	1914	1
252905	232875	4356	218	68	1
1529061	514700	88	12	2	1
4815919	547204	3361	367	2	1
3238429	4171423	223	21	26	1
2609765	4259219	79	3	55	1
3070849	3291871	2913	83	218	1
3338112	1498399	409	25	21	1
3202225	3319415	103	79	90	1
3625407	2146155	79	44	1	1
4007870	3453522	126	15	77	1
596601	3751747	249	178	23	1
1737846	3216859	32	467	128	1
4095732	3619443	245	17	1	1
1228333	2569753	171	27	2	1
3060714	3114516	6	1783	21	1
1879594	686846	1761	277	893	1
3740565	558855	124	7	1	1
1726806	1796194	20	24	314	1
4241043	1579943	327	117	11	1
954252	2203837	382	25	13	1
1801941	2884063	33	4	2	1
951323	3974683	385	37	386	1
2647186	3132939	64	3	1196	1
2159244	97431	1434	102	61	1
3793818	391060	5	8	149	1
3131838	3877835	1225	107	594	1
3187537	4755260	161	51	1	1
1727464	720158	1073	267	475	1
395570	2075015	1	38	2664	1
26387	1843336	1	3	43	1
125780	4236432	295	16	2	1
2534205	3109969	273	18	1	1
34820	4589805	292	34	28	1
573385	1632760	645	5	2	1
386424	185113	7871	131	225	1
4671379	3252783	59	239	38	1
361332	3921351	134	59	3	1
222416	1737556	159	34	31	1
2851923	1540202	1496	242	38	1
1701884	1872910	254	13	182	1
3133399	1461417	740	44	10	1
1581489	852462	18	9	1	1
4355667	1929085	2	18	139	1
40000	371379	1225	93	2294	1
1810293	4281925	76	5	1	1
3730035	391923	40	6	4	1
2119514	763688	332	176	368	1
3849126	4344134	227	10	28	1
2493193	2882194	34	5	4	1
3656459	725786	38	8	1	1
850536	3241284	98	86	98	1
3422950	821960	287	50	21	1
1637716	3575966	7	4	221	1
3920050	4797058	71	14	18	1
1549562	2706224	348	86	8	1
51054	3319851	118	17	6	1
3736564	1093363	1935	83	1	1
211450	3539265	227	9	16	1
3279717	296301	233	15	8	1
3964281	1556337	154	252	1177	1
3024682	3033207	900	7	1	1
3512824	1395563	83	5	6	1
4202576	1234914	10697	600	102	1
2727964	1809926	220	17	2452	1
2112582	4209932	659	41	56	1
2174769	2189067	455	131	356	1
4565869	1865990	424	49	663	1
2150273	3644731	6442	649	29	1
1562387	2534753	410	17	2	1
978341	3215799	10066	604	26	1
2772892	2724231	836	120	405	1
3396988	2483991	125	1	161	1
1755405	308788	80	26	44	1
1007809	2998451	11	19	143	1
2095684	3282078	235	74	5	1
2539712	4715501	80	38	176	1
4038309	1891127	43	360	113	1
3010933	4368300	652	121	16	1
2636696	4799966	64	17	557	1
83832	558724	16	4	12	1
167609	233361	460	52	314	1
2549432	927581	269	413	38	1
512486	181824	48	14	6	1
1698389	3724421	77	32	24	1
2782732	4012098	1004	48	2	1
2240779	1631523	178	42	32	1
3977529	508103	142	9	39	1
2801037	4268239	6	2	1117	1
3525229	3753964	381	189	30	1
4494577	4030785	1053	92	38	1
1471685	466667	25550	1681	442	1
2979588	1824031	166	51	52	1
666439	4018118	127	35	5	1
3059686	1195624	4530	460	51	1
3887538	486323	27	6	158	1
2670782	612424	219	68	84	1
1086877	2886167	1333	193	56	1
2040749	1420943	3834	596	46	1
3742930	4106491	22242	410	52	1
2330927	2136664	47	40	21	1
2990432	594536	44	59	2	1
4386808	2048927	32	4	2	1
3577692	187379	77	73	267	1
1836934	2832704	317	53	57	1
4624712	244962	95	22	4	1
2938068	1170669	4178	112	165	1
696799	960137	59	14	12	1
3808839	307250	151	63	919	1
2605827	2794818	1	2	17	1
24443	1135925	288	7	33	1
408775	4212129	65	13	574	1
1736555	4258716	829	60	50	1
1028920	4855480	1053	194	2921	1
4842223	2611026	121	48	245	1
4426102	4057787	458	119	88	1
1015054	1519738	18	1	1	1
3236012	3587794	31	1	1	1
4168432	1406324	934	52	55	1
568609	2206041	1180	116	101	1
3910599	2586149	724	206	826	1
1780719	2325076	93	6	1	1
1450580	2029470	363	53	3	1
2280158	2671455	68	58	120	1
3585698	2371775	77	15	13	1
513747	3243777	303	335	62	1
1642305	1414616	2080	58	8	1
4424632	842938	304	140	15	1
2630708	3587056	336	317	172	1
4203262	2862019	61	28	903	1
1154430	1831198	1425	155	450	1
4287945	3529431	69	36	52	1
1103446	888102	92	2	21	1
572112	4798729	142	15	117	1
1873375	1603289	204	66	360	1
970613	3746249	142	137	5	1
1998843	4016830	921	90	3	1
3840131	1118440	217	26	786	1
3458198	3817783	4425	60	20	1
3045000	227891	81	5	171	1
343783	655208	32	11	11	1
3996950	342304	76	34	11	1
3935366	3628797	3803	377	231	1
2033080	985965	20	7	12	1
3270355	282129	231	125	146	1
2943895	1726071	29	16	313	1
1050083	1684827	15	2	2	1
283687	151344	1	2	106	1
4723320	2851163	915	250	481	1
2829410	1436562	141	37	694	1
4628356	1932700	67	7	9	1
939339	1735993	1157	36	184	1
2202786	3196356	942	92	1	1
1027486	1425877	383	782	5	1
3085835	1438772	113	7	2	1
279538	4125073	472	59	46	1
4064173	1689502	1	131	63	1
2216254	1527218	215	70	185	1
1414740	1660164	68	10	3	1
2354155	4021963	69	7	9	1
3343693	1820103	416	24	248	1
1836275	1464580	673	143	17	1
4389651	1727725	48	45	12	1
3133671	3117551	226	155	801	1
1244084	2962100	510	38	10	1
4173567	4687916	240	42	20	1
1411176	4563363	269	72	56	1
888590	2359157	422	95	44	1
4048993	863838	162	34	9	1
168607	3367289	71	84	553	1
1389247	2377584	466	7	5	1
2549544	2788165	138	10	8	1
1730742	2146420	224	88	5	1
161946	3288535	834	107	7	1
2241774	2260014	78	9	2466	1
4025713	3372109	47	17	108	1
1216277	109990	34	12	47	1
1117077	2939938	467	28	262	1
1977657	1527192	1990	141	128	1
1931826	3007340	160	25	10	1
4640946	4511449	72	21	17	1
2711750	4520863	178	13	3432	1
2411667	940945	229	23	45	1
3961479	2768125	101	8	307	1
2064263	279894	504	69	6	1
1012730	3274963	18	1	2	1
2856337	572539	240	28	1	1
1998632	4467395	57	21	2084	1
219155	2234504	3947	149	46	1
4632897	2148649	395	56	139	1
1831296	8187	115	25	2	1
725974	3546411	2505	83	67	1
4826942	4335089	87	49	3	1
4040315	227421	93	2	1	1
1114780	1641288	86	6	204	1
3139742	3044352	1476	87	2	1
2527123	2900082	310	13	99	1
2534882	3988879	3	1	1	1
4676359	2890596	13	1	2	1
3164098	1185294	404	87	11	1
4570104	4031721	105	6	1	1
3875269	313511	633	249	20	1
3408880	2862019	18	58	903	1
3749479	1023607	552	163	115	1
3097424	4137647	302	10	179	1
4170094	1558805	227	33	268	1
2194773	2892437	195	71	2	1
253406	2531684	2002	185	28	1
4221988	901676	248	15	73	1
3476834	3389484	353	29	79	1
3964281	222666	154	252	72	1
4730593	2701221	62	8	27	1
3702063	365587	116	20	19	1
1794799	3119726	886	182	299	1
2431613	2108438	54	2	8	1
4821038	1677990	346	173	62	1
4035124	795645	1496	77	97	1
2121745	533797	52	12	7	1
2409567	1006231	682	81	1	1
3973316	4745466	1670	97	1	1
4352121	4809904	27	99	31	1
1997681	1828651	9	1	296	1
4817753	661185	32	25	250	1
3628397	3987747	317	81	256	1
2290451	667493	493	84	8	1
4503880	1451440	1028	72	4	1
3411859	3644418	42	23	277	1
3620426	1681433	421	59	121	1
3897644	243498	917	389	16	1
4598255	2743015	583	791	517	1
112016	2995131	342	42	222	1
371654	133821	16	25	1294	1
1185412	109184	18	24	298	1
3659993	2426170	135	54	11	1
1493154	4535109	224	17	10	1
505562	3310116	350	23	14	1
4815553	1837464	19	4	2	1
3356234	2729421	58	8	20	1
1028289	3270643	101	30	67	1
2344012	3934266	423	85	106	1
2440269	4106351	98	8	3	1
227886	2770499	205	177	19	1
3207967	1070155	287	194	211	1
3758037	892512	133	67	1505	1
4374966	1595679	707	33	1	1
3865635	1092059	1026	94	25	1
3563901	987667	153	1	1	1
1123745	3455540	198	30	16	1
3301958	739178	213	27	3	1
3706744	1736943	1195	9	9	1
3997950	3811456	43	18	46	1
1161753	342625	130	40	5	1
782421	4097198	168	29	1045	1
1628275	1719390	2967	97	21	1
2400830	1419130	55	79	350	1
3975500	2552310	281	85	2	1
2675363	3174756	3	3	5	1
2599653	4533523	122	80	224	1
3120890	1684720	1294	141	95	1
4496416	3201381	178	38	250	1
4798284	1767541	333	59	3	1
2981537	4648320	118721	1252	100	1
2003003	4377489	78	7	17	1
2683954	4550169	134	6	3	1
2646042	1968010	489	124	786	1
3134846	3444372	5634	69	1	1
3257081	1537559	2	1	76	1
3062155	4424244	249	55	123	1
1044985	3504596	415	113	46	1
4337137	1603435	970	99	59	1
2182334	2860962	7	1	567	1
2163471	2739694	131	401	9	1
2949069	703809	399	37	340	1
3946520	901971	288	23	8	1
600498	892512	436	418	1505	1
2167647	4819794	72	9	9	1
687024	4649686	239	38	1	1
3120969	1926381	28	1	1	1
3405609	4052169	77	37	15	1
1196738	2062413	181	111	31	1
914951	2873015	107	17	15	1
3539185	2216597	69	1145	25	1
1821458	3025199	167	18	77	1
3221643	1829086	155	18	41	1
4436953	870308	100	47	6	1
4317254	3970484	57	5	147	1
941212	817024	6404	184	263	1
2654633	4674304	2699	151	7	1
2369663	758629	128	24	6	1
3435509	1047679	151	3	95	1
1438261	1812318	51	14	2	1
4755188	677478	1893	75	4	1
3198099	3939662	538	191	134	1
4725654	2211183	175	26	18	1
474172	3508699	38714	471	1	1
3115574	4495990	103	6	225	1
2928131	4421379	1	8	3	1
4209215	2657284	238	215	2605	1
3846993	1862406	4	79	26	1
2841990	4206796	516	78	7	1
3843495	13550	51	29	20	1
4846840	4134096	561	69	20	1
3340807	3127090	87	66	678	1
1387888	2352176	105	12	1	1
3261412	1064609	10	5	894	1
3745069	3837197	73	54	251	1
4154414	2770509	27	62	798	1
1114144	960980	67	405	93	1
85061	1066156	359	73	7	1
4795153	2586454	22	2	2	1
2720736	2346155	16	9	6	1
3335809	1427934	37	139	6	1
435601	4179343	701	48	119	1
2625086	1808767	349	18	5	1
1379442	3881941	24	2	39	1
4243946	1167742	318	143	158	1
2621585	2178411	96	50	77	1
2958239	1036560	3638	101	705	1
3683235	1147503	23110	311	35	1
2198120	274861	3083	21	34	1
1411338	3115547	673	76	37	1
1773896	1867392	109	669	25	1
4392688	2537582	165	150	254	1
1224568	506428	26	9	1267	1
1272576	3781045	190	25	2	1
508497	3415302	28	1	2098	1
2857453	2962781	59	11	300	1
2214261	847623	194	254	64	1
3101239	228998	1614	125	3	1
646688	671738	243	115	277	1
1290494	2930417	1573	13	9	1
2237277	25317	715	32	20	1
3144143	1459907	391	75	33	1
3467959	938468	2179	161	141	1
4024076	2781521	120	6	449	1
4243946	3147525	318	143	28	1
3366604	1194828	680	81	55	1
4710180	3847810	1348	160	118	1
1614034	2528326	444	466	13	1
2688678	4711429	1861	194	20	1
3016810	2789626	4330	164	90	1
3406792	2496906	1	1	1	1
2067337	96562	30	6	2	1
1160476	3289852	54	8	8	1
2937403	98849	320	9	2	1
3943091	4439970	10283	53	1	1
1549334	4581355	6693	81	2	1
4366552	4645184	181	38	1	1
4609928	1956400	169	56	26	1
898915	29583	48	9	32	1
2637625	2821180	114	101	94	1
3324434	3591347	10	5	2	1
4552026	1748831	126	146	352	1
2416388	2017176	465	77	73	1
4549248	3031945	907	280	323	1
2318498	1650875	98	5	1881	1
637423	675812	389	134	100	1
4614085	2799941	49	525	662	1
4641771	2222960	45	21	39	1
2339318	279209	63	9	96	1
842276	713186	58	4	10	1
1115891	1763499	112	41	18	1
2172036	1513830	109	16	21	1
2086491	2953851	64	37	10	1
283907	4826903	1992	401	43	1
910606	3312586	25	4	24	1
2783132	221162	258	13	2	1
2978024	4579369	94	10	1	1
701411	4855480	136	2	2921	1
1775742	768955	80	7	1	1
1740138	858343	35	7	1103	1
1620797	4249438	801	14	7	1
3590015	1607016	500	50	373	1
4025201	3682391	63	37	50	1
1180915	1522368	62	30	175	1
3805014	3669745	320	43	401	1
3776532	4447708	225	23	18	1
4769621	2976486	22	26	118	1
3459643	2248198	46	11	528	1
2406354	3962762	105	6	9	1
1556221	2633482	18	10	4	1
2317761	2001651	301	111	1	1
1201348	1909746	487	194	159	1
283737	3087391	189	63	36	1
930653	4577355	123	16	1	1
84942	15620	83	8	1	1
4482695	4695336	72	51	38	1
4705611	4088731	82	215	1418	1
3143946	3153925	936	172	242	1
2008753	1337951	90	53	31	1
1934836	3708508	2471	284	1	1
1737649	562518	91	24	159	1
4808177	2077208	13	3	118	1
726745	3643102	24	9	111	1
2651474	2102474	153	298	219	1
1803990	3454055	1	92	2914	1
4074464	1751669	1	17	860	1
4035174	2052628	4	13	21	1
4850593	226471	4365	169	73	1
4779065	1058137	319	57	17	1
3113144	2944937	61	3	244	1
1082434	3742527	175	63	8	1
437874	2971128	184	10	137	1
374572	439057	85	5	4	1
2431513	725835	260	19	39	1
845108	4339635	60	3	4	1
4621637	1331265	70	34	59	1
4666726	3945440	406	64	19	1
986349	3198042	268	13	7	1
3034977	4060354	17	5	104	1
3138162	776962	30	33	17	1
236400	1863329	114	25	243	1
820025	3881946	113	22	17	1
4105702	1488398	42	2	62	1
2314038	1582905	16349	456	210	1
3115574	2045710	103	6	2	1
4303934	4063467	105	1	17	1
3384323	2291309	240	19	2	1
4617334	3310087	188	27	7	1
2885592	1831198	439	85	450	1
284704	2842882	50	6	823	1
3498749	3763255	21	7	32	1
1225988	3791101	8881	157	902	1
2181281	2757277	1	2	107	1
3317290	2032601	267	23	34	1
1086877	3653798	1333	193	18	1
2582503	2392026	28	4	3	1
1939986	2129222	64	50	2	1
2905848	3179768	262	29	142	1
3743386	1020338	17	3	5	1
2901076	4053759	726	631	22	1
3246001	4748530	51	1	203	1
4342546	793896	10	13	5	1
1525873	3197041	5	1	4	1
4305869	1199298	1	32	894	1
762144	2324656	99	8	5	1
1069846	180454	702	183	59	1
356362	3843495	31	14	29	1
1727464	1041019	1073	267	502	1
209406	2390918	63	10	89	1
847782	1805788	1411	364	104	1
1229247	1998639	14	9	4	1
595697	282615	203	21	256	1
389385	3461824	78	2	7	1
3743349	2831808	886	84	28	1
79199	169683	34	7	3	1
3238429	1698047	223	21	54	1
3333907	2818570	38	15	138	1
1156871	2765056	4	23	1555	1
2129348	381425	152	10	2	1
862958	3014488	4203	87	86	1
2374857	2766550	31	12	862	1
2127598	4762204	40	18	2239	1
2723733	629157	48	2	5	1
3669700	2604348	195	43	222	1
3715992	3280484	1	113	424	1
4863109	4547860	2	1	1	1
3375012	2846029	153	27	69	1
2014153	1471685	422	87	1681	1
4401540	873	800	190	396	1
1744876	2961203	1	4	14	1
153115	2140394	401	28	1	1
1245543	2366971	361	25	124	1
1427996	892512	8	10	1505	1
2397149	3297873	3873	340	149	1
4468935	2979729	203	205	207	1
4458947	4699491	5	1	1	1
1112208	1894822	551	51	6	1
2454128	2343111	802	130	51	1
1761428	1821035	2469	112	1794	1
3121855	4632470	11	2	2	1
4822763	686607	2	36	23	1
1364723	4581712	196	6	2	1
2854737	2514137	637	751	55	1
620807	644195	37	2	12	1
3868302	4195488	314	164	108	1
4218365	1208486	1087	58	27	1
3151544	3449193	43	92	317	1
3093066	3195362	68	566	3	1
151465	3298575	643	61	53	1
1360946	3628627	2556	224	323	1
3594818	294709	1945	81	1	1
2654633	1760441	2699	151	21	1
2381857	4843487	669	79	221	1
1133857	2183269	268	112	378	1
1398588	698169	37	12	3	1
2534205	3154162	273	18	46	1
847623	2672578	141	64	736	1
4002395	431709	416	62	205	1
1039366	448665	111	37	67	1
3256180	4401732	173	44	18	1
940845	3953930	34	14	36	1
1584945	2246217	175	135	80	1
2678284	4397589	122	26	24	1
4758008	1872910	218	34	182	1
1870461	4793968	560	168	2	1
2012597	1188262	6	2	2	1
4195700	1339436	40	27	1	1
731863	1176306	327	70	5	1
2519567	2963440	48	12	1	1
3248640	3314815	4	2	272	1
4456233	462864	105	7	2	1
1187817	272292	288	12	7	1
2247971	2863361	6	5	2	1
1926236	4029098	79	53	8	1
2519406	264488	87	9	415	1
71384	2692870	87	6	2	1
1637716	661185	7	4	250	1
2013943	581535	304	135	1283	1
4744670	906238	72	8	1	1
185058	920489	171	14	44	1
2445868	3832147	117	6	155	1
4106313	593845	3004	161	5	1
3687221	3450586	191	68	4	1
4263987	4520863	5	424	3432	1
2943370	2582360	38	23	59	1
4156426	4117773	32	6	11	1
1878924	2547570	2012	85	9	1
2787998	3813019	85	160	12	1
4755188	62301	1893	75	44	1
3284140	2803801	43	6	36	1
462477	516391	2418	240	100	1
1262086	2352031	10	21	3	1
3968287	1606957	129	21	5	1
1094103	1769538	6	1	12	1
508396	4218823	125	29	507	1
2769446	2681326	27	4	11	1
1302093	4114844	1219	48	276	1
3147075	683782	109	7	3	1
3918650	71883	90	20	33	1
1478080	1941542	7009	593	7	1
3291145	3136764	4218	105	55	1
3227850	1317913	641	191	46	1
494454	90890	18	4	73	1
4828511	3341158	2641	113	49	1
4848302	4109836	15	2	3	1
3734728	2518159	789	85	19	1
2462345	4088270	1047	68	21	1
4069373	3712023	3470	97	11	1
740284	1840143	12	8	15	1
957293	2022241	90	31	95	1
2773048	2082351	647	242	2	1
523700	2798849	358	37	1	1
817110	1210168	1927	138	1	1
1766470	2450558	311	7	272	1
2388228	257380	125	22	3	1
1524138	2753875	332	97	74	1
2421038	3166872	928	18	1	1
386502	3198850	339	57	10	1
3371719	3160283	105	6	3	1
355006	3862751	46	20	8	1
3919624	1489692	74	36	4	1
4848766	480196	482	124	83	1
1805132	2553868	53	15	80	1
2975600	3056276	150	42	136	1
3785728	2094258	34	3	1	1
3797207	4313335	5	8	768	1
1783809	4526614	173	46	162	1
1314981	3013028	1	38	3	1
2880858	2294037	23	1	50	1
4437948	3488621	64	63	891	1
2665339	298941	673	98	94	1
3517820	141056	1345	50	24	1
4316559	4836786	912	16	36	1
1053395	4278119	183	35	22	1
1960468	2769129	89	23	1	1
1918522	3952082	71	21	19	1
1057064	4440822	443	26	16	1
2438284	1589862	121	5	1	1
2797888	3091331	1	1	28	1
1652970	2981769	212	412	6	1
3210834	376521	8	20	504	1
663014	611426	3	1	236	1
4848249	1629019	53	36	351	1
1336304	4849883	1996	44	3	1
911416	2198392	51	8	596	1
3686774	3816942	506	83	250	1
3843495	1003245	51	29	23	1
292804	4786357	354	24	98	1
1682981	2435739	78	9	429	1
2160016	3413134	359	27	873	1
1192918	901179	105	51	104	1
1900278	3282475	357	65	82	1
2622815	4413698	66	47	35	1
3210349	3802948	3372	46	3	1
1633100	994642	8737	163	1	1
1942877	4268031	66	27	15	1
2180303	62301	501	71	44	1
4201368	689733	349	37	161	1
2046319	3964797	683	60	31	1
2854737	3584222	637	751	81	1
625474	2766550	590	43	862	1
225198	2716487	111	36	11	1
1792816	2981537	1522	246	1252	1
3433920	1012003	127	7	5	1
2617294	751682	240	19	5	1
2157724	3206764	142	10	2	1
1579256	4014870	47	7	31	1
4693243	1471911	202	223	115	1
485082	847675	198	13	3	1
602566	1657962	167	19	6	1
2533794	4004184	78	74	202	1
4589222	4278142	356	44	2	1
4224338	4170643	70	5	701	1
966488	3324191	247	7	245	1
4696176	3163126	201	521	82	1
835598	432771	164	343	83	1
2627841	3384159	12342	418	415	1
69263	4506028	142	29	1	1
3468679	4490408	25	1	1	1
605026	4301586	23	22	25	1
2891943	4272775	73	4	11	1
4755228	3997049	80	31	142	1
639077	3850058	220	19	63	1
3459643	1871277	46	11	40	1
1507880	3194900	26	4	4	1
2822651	3115232	3794	25	1	1
1987318	3023979	474	40	25	1
3708550	3418756	1251	139	4	1
2857415	129391	84	27	23	1
4562203	1064609	308	86	894	1
4299641	1203745	528	44	312	1
3017881	3583105	1122	65	5	1
1533518	2487910	14	1	12	1
3925711	1704579	179	35	123	1
4485566	3303595	265	234	39	1
606679	1836927	389	96	60	1
4653522	1000671	867	143	5	1
2090771	3635915	732	129	261	1
720901	193884	106	5	6	1
723447	3065212	168	7	1	1
2327243	915390	185	53	1345	1
1169884	4524098	1	11	2	1
1684694	4263744	548	46	40	1
1131753	4246625	327	19	3	1
3561508	1663430	40	3	3	1
4826295	391112	128	40	23	1
543226	2393339	1545	46	1266	1
4270121	1417058	40	23	1	1
4047135	1894430	3	93	127	1
445900	2985597	576	161	159	1
4491434	835598	32	9	343	1
2339782	3708550	445	196	139	1
1032491	233361	265	40	314	1
1185412	2751674	18	24	75	1
3193509	1509530	54	12	1	1
3724119	4557720	90	10	526	1
4651264	4318948	332	34	156	1
4119505	4442599	1991	344	95	1
2272826	3457029	62	46	22	1
147479	932096	258	42	14	1
1998464	4510276	99	24	41	1
4660661	3065732	144	8	254	1
4534610	4103749	198	36	93	1
3238042	1990125	171	6	64	1
4812374	3905698	2003	190	4	1
488817	216346	283	12	7	1
1864732	534048	140	54	25	1
4256076	103976	239	38	4	1
477471	3912127	16	1	1	1
904957	68756	369	242	230	1
4218336	3276391	101	70	6	1
2892500	1033156	236	58	463	1
4006119	4727207	491	31	925	1
2823300	2308942	293	33	61	1
313396	1574175	67	15	23	1
1187551	1133268	274	96	35	1
4517163	1727125	1020	13	1	1
877557	4237235	104	36	318	1
910606	1279555	25	4	14	1
478985	2530739	250	21	16	1
1092700	2265012	382	44	22	1
3408676	943660	3778	262	28	1
309423	3045298	577	38	1	1
2189017	1831951	870	159	19	1
1068490	410962	1742	201	37	1
4845736	2738484	59	9	92	1
3980998	3539185	92	58	1145	1
1184874	3039338	159	45	165	1
1639098	88486	60	12	1765	1
1426890	2613632	1165	85	2	1
893907	917375	519	81	2	1
3177663	517162	296	129	21	1
1448395	4548839	18	96	132	1
1542723	3537670	181	66	37	1
2727319	2082826	1	1	1	1
3532454	642993	143	15	7	1
4447214	227407	207	15	4	1
3664915	435311	300	1	9	1
3799623	1294083	85	10	9	1
953240	3401354	346	34	41	1
4577905	2179332	400	57	11	1
3851616	4219714	27	4	1	1
2250205	3345091	56	21	1	1
3441019	4176195	628	68	21	1
20836	865212	446	38	421	1
2553405	912869	12914	568	76	1
4612308	2415826	48	6	1	1
1893952	421392	98	117	9	1
1450979	1205471	33	21	6	1
4317775	4027460	242	219	2951	1
3457363	1154852	25	3	3	1
111922	2724502	6879	303	147	1
2340205	4272512	1	1	116	1
1067090	1462670	2	2	2	1
3510127	2850118	25	5	17	1
4745146	909404	1826	69	14	1
4052781	3294915	14	24	538	1
2567221	2672108	677	80	31	1
1294660	2521279	600	48	120	1
4596817	4041450	1879	159	3	1
3391309	904689	449	122	9	1
2910246	4040152	524	26	1	1
3903781	115876	100	36	11	1
513938	1588571	950	87	3	1
3232338	3995037	41	6	1	1
1832774	1815430	1647	11	5	1
1224787	3269082	539	42	8	1
4463112	2702192	196	23	980	1
3486920	167943	73	24	19	1
4181406	3927773	792	42	387	1
1219306	1831209	133	58	43	1
4727647	2437433	198	562	170	1
2123291	1970021	99	1	46	1
2765071	1364801	56	17	450	1
1494880	4526948	33	108	95	1
1743985	3091161	154	35	55	1
411013	481540	21	2	328	1
1154180	3641600	2361	248	751	1
2083091	195252	155	30	1	1
1436274	843285	492	49	622	1
3347925	346899	32	2	7	1
3596594	326390	59	210	30	1
3676100	478267	1207	197	4	1
955880	1217525	105	11	5	1
863643	738638	1804	517	152	1
1356978	2822235	34	26	12	1
2207325	2771973	1848	200	15	1
2063726	2439199	308	61	631	1
3872420	1141011	79	442	6	1
4156426	1741955	32	6	2	1
3943758	1274365	221	26	1	1
2529530	770054	21	1	444	1
1669260	4210815	403	88	94	1
2999986	151877	1369	120	16	1
1051336	1769542	243	2	4	1
816931	3943967	220	36	3	1
267820	3684803	313	81	21	1
883901	3466697	292	44	7	1
1913196	849908	13	3	22	1
422075	2336530	485	163	250	1
2443545	2608847	23	9	3	1
1508422	4648051	84	15	4	1
466167	2587171	876	76	4	1
2865263	1582613	230	114	264	1
392779	3361844	2136	148	80	1
1957173	3574805	2	1	2	1
1906365	1310515	312	142	47	1
3969240	951396	53	1	1	1
1427566	2857726	166	82	40	1
2512046	3835450	53	9	421	1
4222160	2335984	60	11	50	1
4449749	4421049	300	39	23	1
4628316	3970723	43	54	13	1
3129073	2036398	1847	35	41	1
1737013	948228	42	8	1	1
2222960	144210	193	39	27	1
3992121	660704	1314	259	111	1
2568660	3630013	85	6	29	1
4761813	1618770	59	87	491	1
993256	4361289	3	2	170	1
1933514	3276834	12	10	142	1
4319287	1507870	1522	271	64	1
259575	3710306	13950	260	363	1
723133	2628563	620	24	18	1
324143	1761046	326	73	60	1
638302	2782367	40	141	83	1
970864	4089528	159	7	76	1
3235589	188819	30	5	50	1
3359949	3383792	38	135	58	1
2207174	2766512	39	11	7	1
2587174	4112606	200	56	29	1
1574570	3199088	397	25	11	1
2794467	4287850	114	31	2	1
2710004	4042480	234	6	13	1
1521890	64321	34	7	263	1
2311383	1845031	107	22	31	1
411002	562518	471	132	159	1
207338	4027334	122	29	1	1
1882090	3605736	144	35	38	1
2077072	737448	173	19	293	1
4131275	1618926	299	527	15	1
1768872	1006924	79	2	158	1
426136	489584	187	21	421	1
1205527	3636502	135	95	78	1
1794470	4424605	254	71	438	1
1614034	1255139	444	466	438	1
1797299	4314483	86	19	5	1
4105945	2932519	47	12	530	1
1532667	3535319	133	21	20	1
4677394	2390153	30	2	1	1
1618616	1327933	5418	931	866	1
1201117	4539039	198	76	35	1
4142495	3896972	148	18	72	1
4277745	69174	24	4	199	1
1834084	3252014	135	50	10	1
1916227	607565	59	115	16	1
4311646	2415984	415	55	1	1
4416945	3205529	33229	417	52	1
998534	4565612	234	44	10	1
2024200	1090635	237	113	49	1
1402193	3414168	35	4	655	1
36240	3541155	63	47	227	1
158616	3411278	57	20	22	1
2855029	4654860	122	51	317	1
1292735	1198756	115	47	8	1
4369028	2434996	5	3	21	1
3771670	1983498	381	480	1	1
2631553	342172	27	1	1	1
2483796	3792884	47	18	39	1
2169730	2654333	66	6	1381	1
1635717	3785106	1173	174	6	1
1595863	607565	8	99	16	1
3676100	3437658	1207	197	79	1
1212541	490578	185	30	12	1
4209323	2008298	89464	1630	9	1
1115504	929889	39	7	23	1
4347049	1718734	176	44	88	1
1170369	2052882	389	14	2	1
1958096	3860382	1029	80	223	1
1042876	3441475	164	22	11	1
1418155	4457915	46	5	1	1
3843062	3750041	205	32	13	1
1628298	1796194	9	7	314	1
2434218	3794903	243	70	1	1
95835	4598507	87	7	12	1
3700566	273882	645	43	14	1
400964	2057239	1	4	30	1
3851674	880342	287	22	268	1
1812281	1656525	815	150	11	1
133392	38229	19	413	670	1
2632555	3449911	287	33	588	1
473387	291947	1992	48	51	1
2968010	1779035	95	3	359	1
4675096	4098030	43	8	3	1
3504981	3853327	115	5	10	1
3560665	2759583	251	32	102	1
3648316	1039932	202	77	147	1
3041258	4078073	1570	131	47	1
471096	3821702	33	2	1	1
1471188	3130343	5	4	3	1
3846758	4044120	791	192	1	1
12882	3978787	117	10	1204	1
130589	4596817	106	7	159	1
4745606	4112719	196	35	145	1
756932	205121	24	3	10	1
842930	4098089	302	54	20	1
102106	4764136	170	6	24	1
2978118	4025671	151	71	2	1
4195098	97885	97	17	142	1
426698	3361377	41	283	4841	1
684956	4218724	72	3	3	1
4293687	1006191	898	51	17	1
603877	3757401	36	5	107	1
2941221	1540819	50	4	1	1
51054	3110151	118	17	167	1
4326636	553568	449	58	209	1
1025098	3966376	214	1141	14	1
3666091	2153177	4	38	9	1
2404691	886831	494	46	131	1
3435407	1467941	20	1	15	1
4245017	4817753	79	58	25	1
4725972	4653941	193	28	951	1
2683789	3824768	198	29	2	1
2890130	157446	308	54	1	1
3505068	1023456	2673	167	11	1
386424	1367989	7871	131	12	1
21209	753898	78	14	9	1
743326	3271198	569	38	165	1
1212191	667277	218	58	23	1
3977994	3379358	4	3	44	1
3873762	376521	81	175	504	1
2703050	2241613	266	555	351	1
2476800	3197808	334	132	11	1
1901512	4536635	47	34	231	1
2319861	2210679	1517	315	220	1
4650956	1494880	3	121	108	1
1000284	3809893	30	19	34	1
2132882	4173822	304	61	7	1
3351601	640994	30	3	5	1
3752160	1107250	4229	1327	112	1
1962741	3914697	610	26	58	1
1774073	495134	546	237	2	1
182123	947899	218	17	72	1
3774580	422133	3916	256	45	1
713290	4844515	14	10	242	1
1289725	836145	46	11	8	1
1012185	182895	152	14	72	1
3545951	2794871	203	64	60	1
4219851	3383605	11	5	102	1
4219307	2026127	12	6	13	1
348913	812628	966	32	3	1
2557689	110836	81	20	51	1
385139	2441074	1016	233	46	1
4353839	4125599	3320	144	31	1
3360059	1622060	68	69	137	1
1522419	798107	148	76	11	1
862136	4436166	45	2	4	1
1875	3224550	61390	656	26	1
3471267	2737513	681	60	42	1
4308612	271364	183	22	1541	1
4136077	2993972	249	159	179	1
1169783	3147525	314	246	28	1
2093076	4042007	107	37	12	1
2310300	3224972	1157	229	144	1
185020	1810410	123	32	39	1
4785101	3741054	1988	150	86	1
2962891	1142238	55	1	78	1
418191	4651950	323	64	43	1
274731	2992253	9	1	1	1
2261555	2203960	2149	48	22	1
4037642	1350057	68	3	12	1
2566758	4130935	96	162	13	1
1278901	1427830	21	5	1	1
1897030	188205	470	93	12	1
1699654	4360960	293	51	1642	1
994315	4517240	10	3	513	1
4861216	2990090	155	17	28	1
4852889	2120106	32	8	104	1
4308267	1711373	73	102	237	1
2948424	2335027	13	11	213	1
2245586	1269763	26	6	1	1
3020666	806786	1694	180	259	1
2016763	2889515	17	87	6	1
1816041	1431537	66	102	18	1
1292305	371379	75	7	2294	1
421093	555694	205	64	1	1
2599413	176282	37	2	6	1
4206379	1919812	40	4	46	1
4253538	3806223	1533	1412	36	1
2615517	4358990	399	59	10	1
1941231	2025936	1	2	3	1
3623615	3459183	1280	199	25	1
837522	2428636	133	106	3	1
4752340	907654	214	34	798	1
2366971	790473	373	124	29	1
1274095	514631	65	24	31	1
2222049	2689350	272	68	1	1
1841089	2794818	10	5	17	1
3339475	695352	287	79	84	1
779657	4671575	895	121	1	1
4719440	3667804	1	3	4	1
1501307	1901245	45	37	51	1
1309371	267486	88	112	4	1
3077681	3430831	128	23	5	1
2647342	798076	1550	68	5	1
3967002	4727884	299	69	250	1
3798439	260389	812	145	6	1
3338574	1252520	19	6	1443	1
4090769	3476856	469	79	1	1
3984671	1547588	263	57	159	1
4853789	1380835	5	3	3	1
1766274	3980947	2	12	90	1
2150394	92082	452	25	4	1
3970139	3755806	105	7	5	1
1432237	863643	149	46	517	1
4593330	2037672	8083	203	402	1
3298667	2172843	944	136	15	1
1749102	2676403	28	6	1	1
1036154	1701317	547	46	6	1
1177809	3861501	77	14	1	1
4628214	3345595	115	46	78	1
3681239	4689300	57	15	2	1
973362	3500507	26	14	3	1
3616745	2750248	62	7	26	1
3411803	666758	1023	157	251	1
3876453	10065	31	4	27	1
36972	4121926	2372	55	10	1
1242964	2873013	1168	767	173	1
2358233	462025	665	46	4	1
3938928	4103612	318	271	932	1
2602990	1228727	250	33	343	1
2829587	4335145	173	2	2	1
1072203	4650513	16	35	59	1
3767319	3278871	43	27	6	1
424769	457066	435	50	27	1
2423803	292360	90	25	3	1
1887709	4423662	28986	217	1	1
4106906	3138417	1068	119	27	1
2781337	496063	27	7	6	1
2540494	899343	1	79	10	1
1247786	2768371	359	69	250	1
4845692	1478664	870	60	3	1
1679441	660674	105	119	458	1
4115049	4337018	14	23	137	1
1382058	797014	135	31	30	1
4811531	3220733	52	9	21	1
4817967	53249	26	4	2	1
1493930	4284729	42	6	1	1
3575260	1216838	5576	242	585	1
2901712	3958595	7	1	1	1
3047201	1448332	140	231	299	1
2253326	4816096	554	27	65	1
1319584	613560	1989	62	3	1
1063857	4192504	15850	248	3	1
3495830	4857625	87	3	43	1
4515355	3585002	8177	21	1	1
607449	4452016	19371	380	41	1
801222	185396	145	146	7	1
2222147	468612	145	26	3	1
719600	4736010	369	7	4	1
1292768	1070952	175	49	24	1
4677853	4727450	164	112	73	1
3035632	3082666	53	3	16	1
1285213	4135535	300	21	55	1
4785112	4228011	79	84	142	1
73377	581754	717	87	38	1
2177381	2862019	25	13	903	1
1120505	540762	57	17	142	1
1172155	3252727	135	21	3	1
1459082	1088962	214	92	2	1
1764736	1440895	23	5	5	1
3377075	1702258	716	78	55	1
1252520	3160057	26	1443	2358	1
3078745	4338852	14	4	1	1
2560101	3262475	82	3	1	1
1839529	4318582	1985	88	5	1
4021807	1279398	359	105	13	1
2411706	67454	339	95	515	1
645808	4504242	102	68	274	1
4173567	1536292	240	42	1	1
2950557	3050360	199	499	20	1
1771898	2449603	499	104	138	1
2246661	1869014	109	9	59	1
1957489	3473602	442	39	6	1
1436668	1315946	404	106	105	1
2820405	3563040	62	4	46	1
2807074	1180772	72	2	237	1
3344563	2750764	118	20	38	1
4456233	4570442	105	7	2	1
2816061	3920375	150	40	91	1
3001301	1152330	64	11	15	1
1571637	109551	244	449	119	1
4062175	1998250	8522	248	490	1
3050544	3915121	147	16	13	1
1894821	3160057	11	2	2358	1
1636298	1013836	1158	99	3	1
1559960	4670472	359	20	28	1
2795148	985118	23	3	1	1
2647342	1650488	1550	68	11	1
2360971	1120397	40	9	7	1
4645113	1274703	1195	143	3	1
666212	3840026	1	3	278	1
2085361	3604705	251	120	33	1
1057064	2092317	443	26	31	1
500744	204016	299	51	22	1
1280405	914571	302	25	66	1
4549248	1573060	907	280	18	1
4097525	4509085	24	10	40	1
4740236	912750	53	40	13	1
1567043	4788868	1448	40	2	1
973624	1414239	3161	131	4	1
3840026	1749008	468	278	1	1
3438449	2896906	147	52	1193	1
4037428	40565	37	5	96	1
3106877	3409150	1266	51	106	1
1977657	4588478	1990	141	87	1
930038	4757925	142	59	54	1
4516585	2034082	79	6	3	1
2337678	973393	352	44	930	1
3908200	4836679	32	3	446	1
840239	3432288	22	7	222	1
3214219	3766535	5	3	131	1
1782775	486466	22	10	66	1
1517818	2053722	70	15	3	1
4597927	2618037	54	6	1	1
3115851	2391178	20	13	282	1
3168312	4234725	93	4	70	1
648920	3232450	314	61	11	1
845108	428899	60	3	2	1
154306	2658759	15	42	175	1
2242848	3758996	383	24	1	1
3845148	144478	3928	44	63	1
3196759	4267737	440	57	360	1
2072729	4395196	11	6	2	1
3923749	2495070	198	9	135	1
3710532	2782931	54	14	64	1
3327738	448517	121	39	625	1
4277632	1359844	2	1	2	1
1118721	3409441	38	5	8	1
2120140	28853	6305	453	165	1
3400444	2571854	10	41	209	1
3898650	2485993	91	22	8	1
2886144	3796455	32	7	6	1
1637716	3629608	7	4	10	1
3240755	1428978	170	21	4	1
4312522	2381188	152	100	860	1
1931937	1731617	220	46	14	1
1349814	4520863	1056	49	3432	1
2460458	1322126	77	42	16	1
2456106	224284	395	46	4	1
2303294	483978	1515	185	2	1
2124547	3780051	839	56	1	1
958177	3670267	722	91	18	1
2019864	2611766	41	9	2	1
1550112	2744944	82	6	274	1
1055882	486205	257	10	489	1
554210	2654333	79	17	1381	1
4737279	1228608	573	157	294	1
621785	4137391	65	16	109	1
4237235	3412838	852	318	2	1
296752	4802235	37	5	12	1
920468	2283134	1609	103	22	1
3633734	20667	43	9	5	1
136767	1308199	527	33	1003	1
2443201	2048153	669	75	13	1
3182046	1406167	187	30	156	1
3650157	3914135	1038	32	2152	1
3300509	322603	5	1	2	1
4381145	4211803	29	19	59	1
4248238	468129	42	4	3	1
2111786	1779035	30	7	359	1
4170730	2173484	682	57	6	1
648904	3250341	65	115	3	1
3279717	2370343	233	15	13	1
275700	4471573	271	14	1218	1
4704485	96454	34	2	53	1
4662138	1444482	241	44	43	1
13980	4853234	381	37	1256	1
856633	2829018	8	4	10	1
172361	842322	495	82	2	1
1847355	2572993	47	3	55	1
2067060	1389617	716	81	482	1
914951	1738725	107	17	46	1
1778718	2517998	98	187	228	1
4792793	3882320	60	14	10	1
3481139	1795477	829	168	16	1
4338728	1885669	182	18	10	1
1747403	1480297	226	21	1	1
3995686	2323217	6154	113	867	1
1039932	2057245	813	147	1	1
3689884	2808747	176	3	635	1
1450322	3946068	72	16	13	1
3180100	4657888	931	83	1789	1
593740	1046807	62807	1107	13	1
1490274	2011731	276	25	57	1
1776854	3252655	107	16	4	1
1670862	2968790	247	77	1	1
10117	596601	132	50	178	1
842600	411381	5	6	33	1
3133677	2257012	13	4	40	1
3053301	426101	143	170	1	1
27545	1207223	74	17	6	1
1381779	2370759	441	92	18	1
1072449	3237295	43	8	57	1
1208991	209434	21	8	12	1
4036898	892512	683	182	1505	1
2862019	2591915	57	903	5	1
1648492	2956553	24	19	610	1
494448	3379462	367	38	57	1
3706644	4272512	3	1	116	1
198215	1186737	34	7	105	1
2715533	3839688	233	103	234	1
331118	3890957	69	1	1	1
1099203	2853969	313	74	1051	1
3354770	772204	175	67	4	1
690695	3189690	135	80	6	1
1887772	1113472	17	21	2	1
2943564	2820811	123	29	29	1
2653141	3281532	127	16	48	1
1943259	3823834	1765	78	2	1
4365143	38817	75	2	4	1
4354177	3126564	111	53	6	1
3418037	1519976	8	57	11	1
3144238	1056651	28456	326	64	1
1285105	2506679	112	20	2	1
1946674	2308237	137	108	8	1
1762118	606170	5	11	216	1
1063233	763168	672	97	49	1
3055928	4748061	220	17	1	1
3482725	2707418	54	96	500	1
4014551	4474156	23	247	145	1
1872442	3058112	438	29	43	1
3660943	774215	555	12	3	1
3802719	3246967	3170	91	19	1
1535773	320845	135	86	163	1
3611774	3548998	623	32	112	1
2431423	3726775	646	39	325	1
1436059	3991425	118	25	5	1
2982390	2967416	452	34	2	1
2111855	4432720	290	40	4	1
3740128	1698119	107	24	471	1
3431771	2571506	63	28	11	1
2799101	4325812	527	154	22	1
713575	1370912	219	30	23	1
4356347	3270348	137	45	107	1
4057701	2000752	1	32	1592	1
3208904	3702208	18	3	468	1
1558900	2335027	22	11	213	1
97186	1834513	101	20	35	1
959103	19971	383	103	27	1
2307763	1413498	94	34	14	1
2666799	2539432	40	7	3	1
2642496	425311	450	66	57	1
3405599	2756053	19	197	2	1
1344759	3807819	2679	276	151	1
4035124	4739949	1496	77	126	1
2040859	1029571	139	14	55	1
701411	1104135	136	2	2	1
3142164	3986905	1180	51	64	1
4449089	3704783	718	17	13	1
269982	3554943	9020	351	73	1
761899	671278	35	4	2	1
3342179	3111961	398	51	15	1
3632243	1116703	79	15	533	1
3449193	1526684	216	317	4	1
2635844	336448	480	32	2	1
1339664	2533668	6683	228	695	1
1161753	2343253	130	40	1882	1
468518	2841541	4	10	67	1
1796080	35963	2237	316	208	1
1811092	3931206	196	16	6	1
3257101	3004250	14	5	852	1
4437948	4490293	64	63	177	1
480180	1169872	705	56	91	1
3667480	1234459	29	27	16	1
747739	3135111	1955	45	30	1
1067043	2814835	72	6	4	1
222227	3132939	311	35	1196	1
1356978	4154834	34	26	36	1
1015054	3989877	18	1	2	1
858401	2934316	30	1	537	1
1437646	1308967	1753	253	10	1
1500090	1068679	432	88	25	1
1074569	4211250	68	12	2	1
3811516	135360	111	28	333	1
4758078	666439	23	10	35	1
3894694	1078085	33	25	3	1
2327303	1840280	11	6	755	1
1796080	2949661	2237	316	53	1
2527938	1852285	286	34	10	1
2851916	31260	728	167	41	1
2062093	3914514	45	8	35	1
189459	3783223	184	21	122	1
174919	1498189	237	51	1	1
2409574	396561	211	20	357	1
1264613	2586853	97	21	210	1
1804173	4103612	22	7	932	1
1158858	322851	146	34	26	1
4460816	4228012	1298	87	14	1
1383181	888531	240	44	48	1
1906021	1951941	99	18	3	1
3561896	599880	275	68	305	1
2657467	1227555	6	2	4	1
478756	3388539	43	7	7	1
3402096	1193329	162	5	1	1
4744878	2414905	1896	68	225	1
3881953	842357	103	8	23	1
974940	2323475	366	173	150	1
302204	256031	3449	366	51	1
2014034	3093370	38	8	5	1
3698324	337630	838	111	242	1
3477164	3708609	2851	80	773	1
4517979	2721895	2055	104	2	1
3430331	1983396	116	13	1	1
3712732	2176779	21	118	246	1
3317290	3166546	267	23	4	1
589624	1282162	24	4	179	1
1445377	2561031	2001	95	1	1
31819	2606571	3334	75	1	1
3851924	2208610	66	2	186	1
4680700	4096302	232	53	351	1
3846758	3644422	791	192	6	1
3708140	315875	283	69	28	1
4722378	3966238	191	70	61	1
2183328	277046	67	48	62	1
4545281	4280022	33	10	67	1
4291257	104914	20	5	25	1
1059374	4787802	173	16	4	1
4028030	3089078	50	3	23	1
1331164	2209135	27	3	290	1
4777016	93608	813	69	49	1
1897168	2155506	1905	85	1	1
3805937	71463	1	2	2	1
2791310	3954325	132	14	1743	1
3172700	2351433	1547	41	3	1
580293	1501207	13	739	28	1
3894354	4852497	127	6	21	1
2860545	1171914	38	4	2431	1
646593	4731915	80	17	23	1
4121239	2381642	5330	64	63	1
2186509	3957190	44	4	2	1
615890	3985868	2229	239	97	1
3340807	3476744	87	66	154	1
3977529	1200594	142	9	16	1
2284186	213604	64	12	3	1
157174	3876737	407	99	2951	1
2354885	4082917	105	137	7	1
240699	2545211	43	7	80	1
1500669	4268239	179	11	1117	1
1399629	4334721	92	50	9	1
4786397	1250021	216	147	4637	1
1553894	1327376	584	157	1291	1
1001891	3503400	41	85	616	1
2843837	4834652	15	90	22	1
1081607	1994122	493	29	19	1
4563180	3398363	799	151	3	1
1646053	1397719	64	21	8	1
1902413	1416543	507	43	1	1
1490274	1233374	276	25	1	1
2826186	3555447	107	52	148	1
4449113	472636	64	5	1	1
4462717	4378327	267	30	4	1
3315905	3050632	471	52	1	1
3997049	3593666	1189	142	451	1
1815330	2451997	367	73	7	1
1912105	2877137	421	79	1	1
1558900	3925270	22	11	96	1
1908049	2018881	20	9	1284	1
1598473	509324	152	55	490	1
3478899	646796	156	53	1	1
4503106	1017205	509	19	9	1
192297	2738470	73	46	55	1
1863103	1038120	14	1	1	1
91412	2487223	193	91	2	1
2542832	1436668	1	16	106	1
3746396	1005927	3	1	95	1
4393406	1475851	528	55	500	1
1945703	558621	35	188	171	1
3438449	3592449	147	52	131	1
3718695	4123333	450	147	95	1
4845060	1185706	250	32	192	1
3028371	2023713	52	87	269	1
659480	576367	1649	518	30	1
3473048	4243769	250	23	74	1
2215885	3277401	246	59	8	1
1722237	4217558	201	24	598	1
2436470	2696093	2248	194	73	1
2688858	1843507	576	92	537	1
3634039	3500854	54	35	114	1
3413134	2656820	501	873	3	1
4796456	1734716	837	4	1	1
1974261	2147720	138	14	1608	1
2464316	2544472	174	18	57	1
3916621	3824547	399	41	1075	1
2836982	3252636	204	24	5	1
3254690	2760211	121	21	1	1
1664495	494390	543	134	2	1
4575476	768269	333	29	667	1
3414740	1676470	2484	92	123	1
2896173	2679021	42	1	1	1
415729	2456555	269	121	12	1
2095684	2098014	235	74	758	1
2343245	3499985	230	19	40	1
4145690	2950784	52	73	11	1
4592066	4672834	75	24	2	1
2339440	5604	1363	87	25	1
376404	125465	1790	193	119	1
2426489	2888974	2911	521	197	1
1299788	3588094	132	48	120	1
4548429	2404411	12	2	1841	1
4057980	2209135	297	29	290	1
3447655	2839039	52	13	253	1
2339318	2467568	63	9	39	1
641010	3416450	6	2	1	1
3270933	2486981	492	81	2	1
2747950	3920288	79	9	2	1
2391698	2656828	120	24	13	1
267263	4118983	24	755	8	1
2059077	1959410	36	2	19	1
4858522	4406571	2	113	7	1
4183980	4236712	72	39	24	1
1280267	3095732	154	69	15	1
4154414	3975713	27	62	1	1
4238001	1854026	61163	869	13	1
1548569	1308199	6	1	1003	1
4458947	612318	5	1	1	1
3662626	2264113	464	52	5	1
49336	2176771	132	14	1	1
3176788	828570	1038	95	27	1
331118	357943	69	1	1	1
2113984	2645652	505	49	3	1
1450960	3798618	135	8	1	1
3353207	1600498	1465	79	1	1
788553	3770661	83	46	106	1
91412	4853234	193	91	1256	1
4137391	2308170	88	109	23	1
2936385	948997	312	374	221	1
3752398	4316209	25	7	215	1
2094132	1679441	64	321	119	1
3257180	4280587	346	110	16	1
4133036	860492	564	41	2	1
866252	2926409	669	89	169	1
4481140	2044271	32	1	1	1
3280484	2617572	2345	424	26	1
1782775	2811934	22	10	163	1
4497461	1969145	94	23	12	1
4835245	4805051	8	3	94	1
635715	2310575	389	149	24	1
4805020	1892900	278	41	36	1
1845695	1831680	69	12	4	1
3260109	1037213	176	542	36	1
522588	3948737	20093	496	1	1
225865	3630634	23	3	6	1
3913427	1662461	745	44	139	1
282836	1245034	440	53	79	1
1244084	2751975	510	38	21	1
2587890	2388622	29	6	1	1
3984303	1796327	4489	133	20	1
4632996	3054470	292	54	115	1
1343481	3658022	99	10	4	1
3074728	957197	10	3	614	1
4084076	4028112	56	12	2	1
1162971	4442658	41	18	11	1
3887909	1921868	330	62	688	1
1389247	66145	466	7	7	1
2800745	3655211	129	34	14	1
1320944	2664751	265	52	70	1
4125838	4220447	1602	344	160	1
867154	548923	234	90	11	1
1646418	3036345	549	9	124	1
658737	2326851	262	42	875	1
1380668	1835013	32	26	7	1
3939014	4209323	792	70	1630	1
2760277	722061	290	508	120	1
3618787	875122	333	38	14	1
3687610	4430337	47	6	4	1
1144424	530200	229	17	2035	1
1738664	1650083	288	6	12	1
3167153	3898218	358	56	90	1
338194	3150507	552	73	5	1
476615	1744453	222	15	5	1
1755937	4616164	80	20	1	1
4217271	690562	53	19	44	1
289355	307250	117	17	919	1
2549111	3490282	414	51	1	1
3353207	2517313	1465	79	60	1
2308770	2549432	435	652	413	1
4671154	4010881	23	7	1	1
2702438	807384	131	19	487	1
185744	1739549	66	13	4	1
3908998	591176	48	10	711	1
1294809	3122920	197	136	16	1
746701	4731326	69	40	29	1
4482695	58018	72	51	10	1
1926532	4389472	9128	336	221	1
1550614	2771826	11	8	4	1
67996	2941551	374	39	8	1
339838	743837	186	65	613	1
3843351	4249273	908	157	225	1
1642232	1320835	86	19	14	1
1164653	4675087	808	57	28	1
1001118	1162023	474	40	36	1
3260158	3062014	17	8	1	1
2733969	2580872	372	143	110	1
3214323	3482635	12543	147	3	1
3023958	1413181	694	72	84	1
2967361	3340807	42	67	66	1
2348035	2409706	199	54	40	1
2388846	2268005	115	43	365	1
2144504	3529572	129	555	90	1
2572993	4268239	19	55	1117	1
4277444	4351219	41	2	11	1
2512046	1394946	53	9	11	1
69534	1426729	4328	60	14	1
270895	3624714	89	3	826	1
3495830	4657888	87	3	1789	1
4244652	3716938	295	59	4	1
103850	2714881	94	6	103	1
3210032	2652129	37	96	5	1
4112891	386060	3572	426	138	1
2616314	2677334	15	22	377	1
4046407	3769836	480	40	12	1
1591206	4762204	33	4	2239	1
2189845	1816609	264	12	75	1
994736	1844797	103	7	1	1
628351	27521	4229	333	1	1
2902273	1458903	966	212	76	1
4220190	2374812	15995	320	13	1
1034643	600498	293	198	418	1
4270121	1713031	40	23	1	1
3199242	3018657	197	210	77	1
3561005	3494785	118	39	1253	1
2773276	1440303	94	5	13	1
4181406	1669475	792	42	55	1
3451880	327765	283	15	6	1
3146342	243080	123	16	29	1
737165	2585440	12	8	4	1
2306308	388184	18	8	1	1
986710	4474040	39	7	4	1
1689502	3837381	3676	63	1	1
2436617	3466523	84	63	85	1
2706354	3196884	14	4	46	1
1330709	3624046	173	21	2	1
3485083	180319	224	4	1	1
3266267	4438844	229	22	584	1
4261678	2546545	12	6	4	1
3425860	2094721	60	14	1	1
1458628	1909201	720	92	9	1
4330041	2980900	66	4	5	1
3930937	4318783	8777	225	77	1
3126128	2495476	161	33	227	1
4547521	3339205	33	6	92	1
2386992	3765475	3	92	873	1
1903981	259786	2678	113	11	1
4586660	4446703	346	73	18	1
110570	1415800	891	68	67	1
122279	4375094	22	7	10	1
2027811	1234569	835	44	38	1
2619873	1280529	40	12	1	1
861181	546079	166	45	17	1
1673147	4211803	42	27	59	1
4389781	2052544	166	33	32	1
3182046	3416347	187	30	214	1
49869	945771	95	8	2	1
422872	4446375	30	3	3	1
2085288	1015349	260	47	5	1
3980540	4830984	1918	152	75	1
3421325	1971223	370	28	338	1
4635166	2986049	717	66	68	1
3336522	1138140	2235	36	5	1
218698	1006790	99	43	10	1
567161	717454	719	130	47	1
3753233	4055858	1	434	260	1
2615523	469803	352	68	117	1
2018599	3745694	599	63	16	1
1441324	1847871	385	84	195	1
1537170	3438353	37	15	4	1
2360726	169015	100	13	30	1
551972	4517581	42	4	1	1
501914	2549459	5217	217	118	1
2769866	449057	837	155	2	1
922879	3752548	1546	143	18	1
2082541	1689179	269	180	6	1
359557	4529043	150	17	53	1
3023692	463908	258	133	127	1
3916348	919228	18	3	30	1
1969718	1716695	300	53	52	1
3611368	2998026	182	69	919	1
4835623	2421759	83	17	1	1
823355	4572086	277	17	4	1
141367	4226284	963	17	755	1
400728	1639434	137	21	587	1
32410	3414168	145	458	655	1
4209209	3584034	1	2	20	1
1450322	2716505	72	16	199	1
441560	1256649	52	45	202	1
3277539	3019972	986	147	168	1
3045502	2914343	819	172	6	1
82749	153377	47	17	154	1
2568449	2828183	1349	113	192	1
3809803	3412805	77	15	37	1
1536341	27736	1995	53	8	1
100255	656766	22	37	75	1
2968181	1917232	15	2	1	1
428243	216587	179	5	1	1
1633100	980596	8737	163	24	1
513747	3646574	303	335	239	1
2838035	3854135	120	36	24	1
1281620	4085135	232	31	526	1
1192780	716600	154	46	2	1
1122142	4226284	3	2	755	1
3584971	4549642	416	22	160	1
2920290	3132490	48	33	20	1
561807	2263957	646	144	15	1
19017	885994	111	456	24	1
4302075	660584	168	17	31	1
4172298	4027460	338	92	2951	1
22189	4334275	402	125	90	1
2054072	3601886	699	45	3	1
984091	4524303	2024	285	46	1
810338	4304008	175	15	13	1
1382334	3055449	68	15	84	1
3958716	3404938	21	11	39	1
3234203	4862538	52	10	1	1
2307143	3384599	10	1	2	1
4499720	3374092	123	28	145	1
3618622	773663	46	66	118	1
1629498	2975268	41	161	32	1
3127150	4848165	48	8	5	1
1895439	4823998	613	270	93	1
1266966	4790512	82	24	76	1
4126439	3423926	10	1	29	1
4386011	1518260	80	40	99	1
4065172	2369485	268	61	523	1
1000106	3504112	2608	972	19	1
2022241	4035816	5	95	47	1
711442	4354147	999	300	70	1
392770	4105788	233	19	1	1
3360059	1462543	68	69	62	1
3280298	2837421	122	24	33	1
2042396	2614629	62	1	1	1
2724790	2640384	52	3	9	1
2115612	3486152	168	72	57	1
2297625	4356421	6498	512	516	1
3053301	2921631	143	170	1	1
3862098	2521607	145	53	139	1
4803597	51577	1222	50	9	1
4728394	490639	60	4	1	1
3717778	3150567	465	102	67	1
1558705	3488077	171	90	322	1
2824719	4567190	642	27	1	1
2324324	1909746	1092	376	159	1
1195333	1946884	431	64	66	1
1682031	932460	439	90	1	1
4731167	356305	69	8	1	1
2999799	4382250	154	11	36	1
1185597	933707	1501	64	29	1
2228020	2520936	84	23	34	1
868021	3414928	1045	130	43	1
1468436	1356408	82	9	33	1
1140134	2373552	11111	311	1	1
1601403	3965478	395	35	67	1
3181246	1499551	1755	125	361	1
2914437	3606437	821	58	70	1
360874	4092722	4585	124	52	1
405955	2992405	6949	109	11	1
3389066	4435955	55	6	1	1
323672	4321895	24	3	515	1
4153654	1124563	366	56	12	1
2430520	2596454	491	38	1	1
3167929	2849535	254	84	273	1
1678315	1591206	6	3	4	1
1504246	4334635	326	80	116	1
1903996	4125838	293	78	344	1
3480188	4722524	112	18	177	1
4444789	3903482	514	84	101	1
3739473	565117	13227	448	1	1
1967803	1457971	59	23	39	1
1901834	343815	289	32	2	1
2110232	4128618	809	100	233	1
3251806	158145	16	1	1	1
1433176	1650875	39	3	1881	1
2449141	4762291	309	18	2	1
4547438	785361	25240	1291	22	1
97885	237015	103	142	16	1
1659274	3623094	1310	132	9	1
3136835	4605969	524	77	101	1
2175924	4467395	56	23	2084	1
2163471	2148992	131	401	26	1
418191	1968790	323	64	34	1
2741500	1828366	153	11	15	1
1505328	1373691	795	76	2	1
4865347	4780888	176	20	49	1
2309026	4526207	205	48	18	1
375304	4526830	107	3	66	1
3235358	1277803	55	6	5	1
706424	453237	7	12	12	1
1206697	3285953	5595	685	105	1
15188	4852291	13	127	121	1
4624712	3990634	95	22	4	1
884577	2718981	33	3	2	1
330100	3324553	578	53	77	1
106944	1463671	417	32	35	1
1899189	4106210	43	50	10	1
3137487	1275240	675	55	14	1
1646004	1697881	487	621	104	1
3832665	2462259	59	15	16	1
3580162	3872420	55	30	442	1
469051	3480697	282	49	898	1
4424632	1203360	304	140	8	1
4390232	3001354	1949	113	77	1
409853	3859001	163	1	2	1
786159	364665	240	28	903	1
422275	4200279	4142	101	110	1
3202215	1809926	131	35	2452	1
4583009	4667438	561	198	271	1
3257148	46375	53	42	49	1
3353737	1292768	41	22	49	1
2200112	2948092	137	38	412	1
1982435	2480796	39	34	70	1
679592	1581996	155	238	382	1
408043	1159782	2899	77	92	1
1851726	2161259	228	28	38	1
3321582	4086984	1	25	87	1
1952321	3716251	23	195	2	1
1855827	3055958	665	23	40	1
1162971	3586135	41	18	95	1
1072610	1206079	23	156	200	1
3041101	3555218	11	7	10	1
3109249	2258757	71	27	142	1
4230641	1409179	91	17	51	1
4178604	4800808	568	79	19	1
855887	4727647	16	6	562	1
2123866	1653483	92	118	886	1
1653998	79807	1986	24	5	1
176418	3085568	622	124	664	1
4224077	2794818	1	4	17	1
646912	1992285	2	38	14	1
2571572	4589586	10	12	187	1
1252277	2294531	16	1	1	1
1728133	3529164	97	2	28	1
2031456	4301946	598	30	3	1
3888592	561807	484	44	144	1
3364515	953715	3529	109	56	1
3175401	2083019	31	93	14	1
355517	489631	184	9	84	1
4131836	1924199	1933	162	14	1
3995817	384403	231	34	19	1
3605729	4377418	51	33	27	1
725039	1807203	1138	163	120	1
3586031	4525216	835	126	46	1
4095026	4079785	1175	71	444	1
1330796	1869405	5	248	204	1
4011049	3133671	22	7	155	1
2841785	2558493	149	16	407	1
3423962	1737237	17	3	3	1
889939	1804986	1864	154	87	1
4801594	1877812	94	16	7	1
7583	4865064	46	14	3	1
2012597	4516410	6	2	106	1
888590	53266	422	95	55	1
1696872	88751	582	9	2	1
2602200	3414168	247	48	655	1
2920290	3132490	48	33	20	1
1963596	554261	803	157	163	1
559565	1290985	239	23	10	1
1493489	3758978	17513	523	84	1
977262	2937897	57	133	10	1
550699	4445122	229	19	1	1
349979	1711373	34	10	237	1
